caller,callee,callee_kind
0x00108ee8,0x00445d90,stub
0x00337690,0x00380e80,stub
0x00428630,0x004285f0,real
0x00428b18,0x00428f48,real
0x00429ef0,0x0042a5e8,real
0x00429f10,0x00429ef0,real
0x0042a4e0,0x004299a0,real
0x0042a4e0,0x00429c60,real
0x0042a680,0x00429760,real
0x0042a680,0x0042ac48,real
0x0042a7f8,0x004299a0,real
0x0042a818,0x004299a0,real
0x0042a818,0x00429c60,real
0x0042a818,0x0042a5e8,real
0x0042a818,0x0042a680,real
0x0042a980,0x0042a818,real
0x0042ab60,0x00429880,real
0x0042ac48,0x004297c0,real
0x0042acb0,0x00429708,real
0x0042ba78,0x00432fc0,real
0x0042bc88,0x00429c60,real
0x0042bc88,0x0042a680,real
0x0042bd70,0x00108ee8,real
0x0042bd98,0x0042f100,real
0x0042bdb8,0x004318c0,stub
0x0042c1c8,0x0042c098,stub
0x0042c620,0x0043cb00,real
0x0042cac8,0x0042c660,real
0x0042d680,0x004312a0,real
0x0042d6b0,0x00431390,real
0x0042d708,0x00429cf0,stub
0x0042d708,0x00431390,real
0x0042f100,0x0042e1f0,stub
0x0042f130,0x003fb8d0,stub
0x0042f130,0x0042f100,real
0x0042f638,0x0042f660,real
0x004312a0,0x0042c5c0,real
0x004312a0,0x004311f0,real
0x00432818,0x004327a0,real
0x00432e90,0x00432eb8,stub
0x00432fc0,0x00433090,real
0x00432fc0,0x00433ef0,real
0x00433ec0,0x00433ef0,real
