address,raw_name,symbol,module,body_bytes,callees_real,callees_stub,callers,globals,cop2,loops,branches,float_ops,leaf_hint,leaf_detail,score
0x00104cc0,FUN_00104cc0,,,142,0,0,0,0,0,0,0,0,pseudo_stub,"body is halt_* only, no recovered logic",2.84
0x001071e0,FUN_001071e0,memcpy64,core/mem,681,0,0,0,0,0,0,1,0,,,13.62
0x00108ee8,FUN_00108ee8,,,57,0,1,1,0,0,0,0,0,thunk,wraps FUN_00445d90,5.14
0x0010c820,FUN_0010c820,,,276,0,0,0,0,0,0,1,0,convert,cast/float math,5.52
0x0010e780,FUN_0010e780,packed_bits_write,core/bitstream,2045,0,0,0,0,0,2,7,0,,,43.9
0x0010ee50,FUN_0010ee50,packed_bits_read,core/bitstream,2045,0,0,0,0,0,2,7,0,,,43.9
0x00114cf0,FUN_00114cf0,,,126,0,0,0,0,0,0,0,0,struct_op,field assignment/read mix,2.52
0x001153f0,FUN_001153f0,,,142,0,0,0,0,0,0,0,0,pseudo_stub,"body is halt_* only, no recovered logic",2.84
0x00115430,FUN_00115430,,,167,0,0,0,0,0,0,0,0,convert,cast/float math,3.34
0x00115460,FUN_00115460,,,53,0,0,0,0,0,0,0,0,struct_op,field assignment/read mix,1.06
0x0011c0c0,FUN_0011c0c0,,,142,0,0,0,0,0,0,0,0,pseudo_stub,"body is halt_* only, no recovered logic",2.84
0x0011c7e0,FUN_0011c7e0,,,142,0,0,0,0,0,0,0,0,pseudo_stub,"body is halt_* only, no recovered logic",2.84
0x0011e790,FUN_0011e790,defaults_init_entity,game/entity,868,0,0,0,0,0,0,0,0,,,17.36
0x001206f0,FUN_001206f0,,,335,0,0,0,0,3,0,0,0,other,simd/vu0,15.7
0x00120720,FUN_00120720,,,363,0,0,0,0,4,0,0,0,other,simd/vu0,19.26
0x00120750,FUN_00120750,,,214,0,0,0,0,1,0,0,0,other,simd/vu0,7.28
0x001207c0,FUN_001207c0,,,214,0,0,0,0,1,0,0,0,other,simd/vu0,7.28
0x001238d0,FUN_001238d0,,core/struct,308,0,0,0,0,0,0,0,0,setter,"4 field writes, returns",6.16
0x0012bda0,FUN_0012bda0,collision_support,physics/collision,873,0,0,0,0,0,0,8,0,,,17.46
0x0012bf60,FUN_0012bf60,,,142,0,0,0,0,0,0,0,0,pseudo_stub,"body is halt_* only, no recovered logic",2.84
0x0012c1f0,FUN_0012c1f0,,,142,0,0,0,0,0,0,0,0,pseudo_stub,"body is halt_* only, no recovered logic",2.84
0x0012c400,FUN_0012c400,,,142,0,0,0,0,0,0,0,0,pseudo_stub,"body is halt_* only, no recovered logic",2.84
0x0012d570,FUN_0012d570,,,142,0,0,0,0,0,0,0,0,pseudo_stub,"body is halt_* only, no recovered logic",2.84
0x00134ec0,FUN_00134ec0,,,298,0,0,0,0,0,0,1,0,memcmp,"compares two structs, returns int",5.96
0x00136110,FUN_00136110,,,214,0,0,0,0,1,0,0,0,other,simd/vu0,7.28
0x0013e950,FUN_0013e950,,,263,0,0,0,0,0,0,1,0,predicate,boolean test on struct fields,5.26
0x00147a30,FUN_00147a30,,,142,0,0,0,0,0,0,0,0,pseudo_stub,"body is halt_* only, no recovered logic",2.84
0x00147cc0,FUN_00147cc0,,,142,0,0,0,0,0,0,0,0,pseudo_stub,"body is halt_* only, no recovered logic",2.84
0x00148aa0,FUN_00148aa0,,,142,0,0,0,0,0,0,0,0,pseudo_stub,"body is halt_* only, no recovered logic",2.84
0x0014b870,FUN_0014b870,,,142,0,0,0,0,0,0,0,0,pseudo_stub,"body is halt_* only, no recovered logic",2.84
0x0014b8d0,FUN_0014b8d0,,,142,0,0,0,0,0,0,0,0,pseudo_stub,"body is halt_* only, no recovered logic",2.84
0x00154d50,FUN_00154d50,,,323,0,0,0,0,0,1,1,0,convert,cast/float math,7.96
0x00157010,FUN_00157010,,,247,0,0,0,0,0,0,1,6,memcmp,"compares two structs, returns int",10.94
0x00157070,FUN_00157070,,,312,0,0,0,0,0,0,1,8,memcmp,"compares two structs, returns int",14.24
0x00157440,FUN_00157440,,,247,0,0,0,0,0,0,1,6,memcmp,"compares two structs, returns int",10.94
0x001574a0,FUN_001574a0,,,312,0,0,0,0,0,0,1,8,memcmp,"compares two structs, returns int",14.24
0x0015ba30,FUN_0015ba30,vec3_copy,math/vec,274,0,0,0,0,0,0,0,0,,,5.48
0x00161de0,FUN_00161de0,,,233,0,0,0,0,1,0,0,0,other,simd/vu0,7.66
0x00165e70,FUN_00165e70,accessor_fields,core/struct,653,0,0,0,0,0,0,1,0,,,13.06
0x0016a110,FUN_0016a110,,,281,0,0,0,0,0,0,1,1,convert,cast/float math,6.62
0x0016b030,FUN_0016b030,,,193,0,0,0,0,0,0,1,0,convert,cast/float math,3.86
0x0017a230,FUN_0017a230,,,142,0,0,0,0,0,0,0,0,pseudo_stub,"body is halt_* only, no recovered logic",2.84
0x00181500,FUN_00181500,,,142,0,0,0,0,0,0,0,0,pseudo_stub,"body is halt_* only, no recovered logic",2.84
0x00183650,FUN_00183650,,,142,0,0,0,0,0,0,0,0,pseudo_stub,"body is halt_* only, no recovered logic",2.84
0x00184810,FUN_00184810,,,142,0,0,0,0,0,0,0,0,pseudo_stub,"body is halt_* only, no recovered logic",2.84
0x00185250,FUN_00185250,,,142,0,0,0,0,0,0,0,0,pseudo_stub,"body is halt_* only, no recovered logic",2.84
0x00188080,FUN_00188080,,,142,0,0,0,0,0,0,0,0,pseudo_stub,"body is halt_* only, no recovered logic",2.84
0x00189cf0,FUN_00189cf0,,,142,0,0,0,0,0,0,0,0,pseudo_stub,"body is halt_* only, no recovered logic",2.84
0x00189d40,FUN_00189d40,,,142,0,0,0,0,0,0,0,0,pseudo_stub,"body is halt_* only, no recovered logic",2.84
0x0018ae20,FUN_0018ae20,,,142,0,0,0,0,0,0,0,0,pseudo_stub,"body is halt_* only, no recovered logic",2.84
0x0018ae80,FUN_0018ae80,,,142,0,0,0,0,0,0,0,0,pseudo_stub,"body is halt_* only, no recovered logic",2.84
0x0018ddc0,FUN_0018ddc0,,,84,0,0,0,0,0,0,0,0,getter,reads 0 field(s),1.68
0x0018f950,FUN_0018f950,,,142,0,0,0,0,0,0,0,0,pseudo_stub,"body is halt_* only, no recovered logic",2.84
0x00190370,FUN_00190370,transform_point_vu0_f,math/matrix,596,0,0,0,0,7,0,0,0,,,32.92
0x00194f90,FUN_00194f90,,,142,0,0,0,0,0,0,0,0,pseudo_stub,"body is halt_* only, no recovered logic",2.84
0x00195820,FUN_00195820,kart_speed_ratio,game/kart,417,0,0,0,0,0,0,3,8,,,16.34
0x00195c80,FUN_00195c80,,,142,0,0,0,0,0,0,0,0,pseudo_stub,"body is halt_* only, no recovered logic",2.84
0x00195cd0,FUN_00195cd0,,,126,0,0,0,0,0,0,0,0,convert,cast/float math,2.52
0x001963d0,FUN_001963d0,,,280,0,0,0,0,0,0,1,0,convert,cast/float math,5.6
0x00197870,FUN_00197870,,,351,0,0,0,1,0,0,2,0,convert,cast/float math,9.52
0x00198de0,FUN_00198de0,,,142,0,0,0,0,0,0,0,0,pseudo_stub,"body is halt_* only, no recovered logic",2.84
0x00198e80,FUN_00198e80,,,142,0,0,0,0,0,0,0,0,pseudo_stub,"body is halt_* only, no recovered logic",2.84
0x00198ed0,FUN_00198ed0,,,142,0,0,0,0,0,0,0,0,pseudo_stub,"body is halt_* only, no recovered logic",2.84
0x0019a560,FUN_0019a560,,,172,0,0,0,0,0,0,0,0,convert,cast/float math,3.44
0x0019c8a0,FUN_0019c8a0,,,142,0,0,0,0,0,0,0,0,pseudo_stub,"body is halt_* only, no recovered logic",2.84
0x0019d240,FUN_0019d240,,,142,0,0,0,0,0,0,0,0,pseudo_stub,"body is halt_* only, no recovered logic",2.84
0x0019d330,FUN_0019d330,,,342,0,0,0,0,0,0,2,4,setter,"1 field writes, returns",10.84
0x0019df10,FUN_0019df10,,,142,0,0,0,0,0,0,0,0,pseudo_stub,"body is halt_* only, no recovered logic",2.84
0x0019e030,FUN_0019e030,,,142,0,0,0,0,0,0,0,0,pseudo_stub,"body is halt_* only, no recovered logic",2.84
0x0019e150,FUN_0019e150,tuning_scale,game/tuning,784,0,0,0,0,0,0,5,10,,,25.68
0x0019e920,FUN_0019e920,,,142,0,0,0,0,0,0,0,0,pseudo_stub,"body is halt_* only, no recovered logic",2.84
0x0019ea30,FUN_0019ea30,tuning_scale_b,game/tuning,532,0,0,0,0,0,0,3,8,,,18.64
0x0019f020,FUN_0019f020,,,142,0,0,0,0,0,0,0,0,pseudo_stub,"body is halt_* only, no recovered logic",2.84
0x0019f130,FUN_0019f130,tuning_scale_c,game/tuning,391,0,0,0,0,0,0,2,7,,,14.82
0x0019f6c0,FUN_0019f6c0,,,142,0,0,0,0,0,0,0,0,pseudo_stub,"body is halt_* only, no recovered logic",2.84
0x0019f7f0,FUN_0019f7f0,tuning_scale_d,game/tuning,534,0,0,0,0,0,0,3,8,,,18.68
0x0019fdd0,FUN_0019fdd0,,,142,0,0,0,0,0,0,0,0,pseudo_stub,"body is halt_* only, no recovered logic",2.84
0x001a1800,FUN_001a1800,kart_state_check,game/kart,456,0,0,0,0,0,0,2,2,,,11.12
0x001a1bd0,FUN_001a1bd0,sort_assign_rank,game/ranking,1726,0,0,0,0,0,5,9,2,,,44.02
0x001a82f0,FUN_001a82f0,,,142,0,0,0,0,0,0,0,0,pseudo_stub,"body is halt_* only, no recovered logic",2.84
0x001a8660,FUN_001a8660,,,142,0,0,0,0,0,0,0,0,pseudo_stub,"body is halt_* only, no recovered logic",2.84
0x001a8d10,FUN_001a8d10,,,142,0,0,0,0,0,0,0,0,pseudo_stub,"body is halt_* only, no recovered logic",2.84
0x001a94a0,FUN_001a94a0,,,142,0,0,0,0,0,0,0,0,pseudo_stub,"body is halt_* only, no recovered logic",2.84
0x001ab5b0,FUN_001ab5b0,,,142,0,0,0,0,0,0,0,0,pseudo_stub,"body is halt_* only, no recovered logic",2.84
0x001ab6b0,FUN_001ab6b0,,,142,0,0,0,0,0,0,0,0,pseudo_stub,"body is halt_* only, no recovered logic",2.84
0x001ab880,FUN_001ab880,,,142,0,0,0,0,0,0,0,0,pseudo_stub,"body is halt_* only, no recovered logic",2.84
0x001acde0,FUN_001acde0,,core/struct,274,0,0,0,0,0,0,0,0,setter,"4 field writes, returns",5.48
0x001b6340,FUN_001b6340,quat_invert,math/quat,598,0,0,0,0,3,0,3,0,,,20.96
0x001b82f0,FUN_001b82f0,,core/struct,274,0,0,0,0,0,0,0,0,setter,"4 field writes, returns",5.48
0x001c3470,FUN_001c3470,,core/struct,274,0,0,0,0,0,0,0,0,setter,"4 field writes, returns",5.48
0x001c3910,FUN_001c3910,object_init,core/struct,562,0,0,0,2,0,0,0,0,,,16.24
0x001ca130,FUN_001ca130,,core/struct,308,0,0,0,0,0,0,0,0,setter,"4 field writes, returns",6.16
0x001ca430,FUN_001ca430,,,142,0,0,0,0,0,0,0,0,pseudo_stub,"body is halt_* only, no recovered logic",2.84
0x001cad90,FUN_001cad90,,core/struct,274,0,0,0,0,0,0,0,0,setter,"4 field writes, returns",5.48
0x001cb220,FUN_001cb220,,,142,0,0,0,0,0,0,0,0,pseudo_stub,"body is halt_* only, no recovered logic",2.84
0x001ccb00,FUN_001ccb00,,core/struct,308,0,0,0,0,0,0,0,0,setter,"4 field writes, returns",6.16
0x001cf680,FUN_001cf680,,core/struct,274,0,0,0,0,0,0,0,0,setter,"4 field writes, returns",5.48
0x001cf6f0,FUN_001cf6f0,,,274,0,0,0,0,0,0,0,0,convert,cast/float math,5.48
0x001dbea0,FUN_001dbea0,,core/struct,308,0,0,0,0,0,0,0,0,setter,"4 field writes, returns",6.16
0x001df840,FUN_001df840,,core/struct,308,0,0,0,0,0,0,0,0,setter,"4 field writes, returns",6.16
0x001dfdb0,FUN_001dfdb0,,core/struct,308,0,0,0,0,0,0,0,0,setter,"4 field writes, returns",6.16
0x001e0050,FUN_001e0050,,core/struct,308,0,0,0,0,0,0,0,0,setter,"4 field writes, returns",6.16
0x001ebea0,FUN_001ebea0,,,142,0,0,0,0,0,0,0,0,pseudo_stub,"body is halt_* only, no recovered logic",2.84
0x001f4e00,FUN_001f4e00,,,244,0,0,0,0,0,0,0,0,struct_op,field assignment/read mix,4.88
0x0022ade0,FUN_0022ade0,layout_viewport,ui/layout,4004,0,0,0,0,0,0,22,76,,,156.0
0x0022d1a0,FUN_0022d1a0,layout_viewport_b,ui/layout,3280,0,0,0,0,0,0,19,55,,,120.6
0x002304a0,FUN_002304a0,layout_viewport_c,ui/layout,3267,0,0,0,0,0,0,19,55,,,120.34
0x002366c0,FUN_002366c0,,,244,0,0,0,0,0,0,0,0,struct_op,field assignment/read mix,4.88
0x00237bb0,FUN_00237bb0,,,142,0,0,0,0,0,0,0,0,pseudo_stub,"body is halt_* only, no recovered logic",2.84
0x0023e070,FUN_0023e070,,,111,0,0,0,0,0,0,0,0,convert,cast/float math,2.22
0x00240040,FUN_00240040,,,142,0,0,0,0,0,0,0,0,pseudo_stub,"body is halt_* only, no recovered logic",2.84
0x00241210,FUN_00241210,,,142,0,0,0,0,0,0,0,0,pseudo_stub,"body is halt_* only, no recovered logic",2.84
0x00241380,FUN_00241380,,,142,0,0,0,0,0,0,0,0,pseudo_stub,"body is halt_* only, no recovered logic",2.84
0x002414c0,FUN_002414c0,,,142,0,0,0,0,0,0,0,0,pseudo_stub,"body is halt_* only, no recovered logic",2.84
0x002467a0,FUN_002467a0,,,142,0,0,0,0,0,0,0,0,pseudo_stub,"body is halt_* only, no recovered logic",2.84
0x002470e0,FUN_002470e0,,,246,0,0,0,0,0,0,0,0,struct_op,field assignment/read mix,4.92
0x0026d960,FUN_0026d960,type4cc_check,engine/objects,457,0,0,0,1,0,0,2,0,,,11.64
0x0026e060,FUN_0026e060,type4cc_check_b,engine/objects,473,0,0,0,1,0,0,2,0,,,11.96
0x0026e1a0,FUN_0026e1a0,type4cc_check_c,engine/objects,473,0,0,0,1,0,0,2,0,,,11.96
0x0026e2e0,FUN_0026e2e0,type4cc_check_d,engine/objects,473,0,0,0,1,0,0,2,0,,,11.96
0x0026e420,FUN_0026e420,type4cc_check_e,engine/objects,473,0,0,0,1,0,0,2,0,,,11.96
0x0028b3f0,FUN_0028b3f0,,,446,0,0,0,0,0,0,3,0,memcmp,"compares two structs, returns int",8.92
0x002b5bf0,FUN_002b5bf0,,,142,0,0,0,0,0,0,0,0,pseudo_stub,"body is halt_* only, no recovered logic",2.84
0x002c33d0,FUN_002c33d0,,,142,0,0,0,0,0,0,0,0,pseudo_stub,"body is halt_* only, no recovered logic",2.84
0x002c48f0,FUN_002c48f0,,,142,0,0,0,0,0,0,0,0,pseudo_stub,"body is halt_* only, no recovered logic",2.84
0x002e7870,FUN_002e7870,,,142,0,0,0,0,0,0,0,0,pseudo_stub,"body is halt_* only, no recovered logic",2.84
0x0031c990,FUN_0031c990,,,298,0,0,0,0,0,0,0,0,struct_op,field assignment/read mix,5.96
0x003342e0,FUN_003342e0,,,142,0,0,0,0,0,0,0,0,pseudo_stub,"body is halt_* only, no recovered logic",2.84
0x00337690,FUN_00337690,,,57,0,1,0,0,0,0,0,0,thunk,wraps FUN_00380e80,2.14
0x00337e10,FUN_00337e10,,,142,0,0,0,0,0,0,0,0,pseudo_stub,"body is halt_* only, no recovered logic",2.84
0x0033a050,FUN_0033a050,,,210,0,0,0,0,1,0,0,0,other,simd/vu0,7.2
0x0033b860,FUN_0033b860,,,142,0,0,0,0,0,0,0,0,pseudo_stub,"body is halt_* only, no recovered logic",2.84
0x0033c170,FUN_0033c170,,,142,0,0,0,0,0,0,0,0,pseudo_stub,"body is halt_* only, no recovered logic",2.84
0x003472f0,FUN_003472f0,transform_point_vu0_b,math/matrix,524,0,0,0,0,7,0,0,0,,,31.48
0x0034bb20,FUN_0034bb20,,,346,0,0,0,0,3,0,0,0,other,simd/vu0,15.92
0x0035bc40,FUN_0035bc40,transform_point_vu0,math/matrix,605,0,0,0,0,9,0,0,0,,,39.1
0x0035c3f0,FUN_0035c3f0,transform_point_vu0_c,math/matrix,524,0,0,0,0,7,0,0,0,,,31.48
0x00363b70,FUN_00363b70,,,56,0,0,0,0,0,0,0,0,struct_op,field assignment/read mix,1.12
0x00365450,FUN_00365450,,,264,0,0,0,0,2,0,0,0,other,simd/vu0,11.28
0x00365d80,FUN_00365d80,aabb_corners_vu0,math/vu0,2539,0,0,0,0,9,1,3,0,,,79.28
0x0036d630,FUN_0036d630,,,346,0,0,0,0,3,0,0,0,other,simd/vu0,15.92
0x00377190,FUN_00377190,,,142,0,0,0,0,0,0,0,0,pseudo_stub,"body is halt_* only, no recovered logic",2.84
0x003803c0,FUN_003803c0,interval_check,core/containers,771,0,0,0,0,0,0,4,0,,,15.42
0x00380560,FUN_00380560,interval_check_b,core/containers,771,0,0,0,0,0,0,4,0,,,15.42
0x00381030,FUN_00381030,matrix_invert_vu0,math/matrix,1768,0,0,0,0,35,0,4,0,,,140.36
0x00394050,FUN_00394050,transform_point_vu0_d,math/matrix,524,0,0,0,0,7,0,0,0,,,31.48
0x003955c0,FUN_003955c0,transform_point_vu0_e,math/matrix,664,0,0,0,0,9,0,0,0,,,40.28
0x003994a0,FUN_003994a0,,,142,0,0,0,0,0,0,0,0,pseudo_stub,"body is halt_* only, no recovered logic",2.84
0x0039eb60,FUN_0039eb60,,,142,0,0,0,0,0,0,0,0,pseudo_stub,"body is halt_* only, no recovered logic",2.84
0x003a0730,FUN_003a0730,gaussjordan_solve,math/matrix,3568,0,0,0,0,0,13,2,20,,,110.86
0x003a09f0,FUN_003a09f0,gaussjordan_solve_b,math/matrix,3545,0,0,0,0,0,13,2,20,,,110.4
0x003ae0e0,FUN_003ae0e0,spline_accum,math/spline,1261,0,0,0,0,0,0,1,14,,,39.22
0x003bff30,FUN_003bff30,,,243,0,0,0,0,0,0,0,0,struct_op,field assignment/read mix,4.86
0x003e1300,FUN_003e1300,,,142,0,0,0,0,0,0,0,0,pseudo_stub,"body is halt_* only, no recovered logic",2.84
0x003ebea0,FUN_003ebea0,,,142,0,0,0,0,0,0,0,0,pseudo_stub,"body is halt_* only, no recovered logic",2.84
0x003ec660,FUN_003ec660,index_of_int,core/containers,412,0,0,0,0,0,1,3,0,,,9.74
0x003eddf0,FUN_003eddf0,,,244,0,0,0,0,0,0,0,0,struct_op,field assignment/read mix,4.88
0x003ee2e0,FUN_003ee2e0,,,246,0,0,0,0,0,0,0,0,struct_op,field assignment/read mix,4.92
0x003eea70,FUN_003eea70,,,246,0,0,0,0,0,0,0,0,struct_op,field assignment/read mix,4.92
0x003ef2b0,FUN_003ef2b0,,,244,0,0,0,0,0,0,0,0,struct_op,field assignment/read mix,4.88
0x003ef8c0,FUN_003ef8c0,,,244,0,0,0,0,0,0,0,0,struct_op,field assignment/read mix,4.88
0x003efc30,FUN_003efc30,,,244,0,0,0,0,0,0,0,0,struct_op,field assignment/read mix,4.88
0x003f00a0,FUN_003f00a0,,,244,0,0,0,0,0,0,0,0,struct_op,field assignment/read mix,4.88
0x003f0810,FUN_003f0810,,,244,0,0,0,0,0,0,0,0,struct_op,field assignment/read mix,4.88
0x003f0d60,FUN_003f0d60,,,244,0,0,0,0,0,0,0,0,struct_op,field assignment/read mix,4.88
0x003f1430,FUN_003f1430,,,244,0,0,0,0,0,0,0,0,struct_op,field assignment/read mix,4.88
0x003f5b50,FUN_003f5b50,,,275,0,0,0,0,0,0,0,0,convert,cast/float math,5.5
0x003f6840,FUN_003f6840,quat_matrix_vu0,math/quat,1019,0,0,0,0,21,0,0,0,,,83.38
0x003f6b20,FUN_003f6b20,quat_lerp_vu0,math/quat,1169,0,0,0,0,27,0,0,0,,,104.38
0x003f9968,FUN_003f9968,,,142,0,0,0,0,0,0,0,0,pseudo_stub,"body is halt_* only, no recovered logic",2.84
0x003fd320,FUN_003fd320,,,142,0,0,0,0,0,0,0,0,pseudo_stub,"body is halt_* only, no recovered logic",2.84
0x00404e80,FUN_00404e80,,,309,0,0,0,0,0,0,1,0,memcmp,"compares two structs, returns int",6.18
0x00405d20,FUN_00405d20,bsearch16,core/containers,638,0,0,0,0,0,1,4,0,,,14.26
0x00405dc0,FUN_00405dc0,bsearch12,core/containers,567,0,0,0,0,0,1,3,0,,,12.84
0x00407550,FUN_00407550,bsearch16_b,core/containers,638,0,0,0,0,0,1,4,0,,,14.26
0x004075f0,FUN_004075f0,bsearch12_b,core/containers,567,0,0,0,0,0,1,3,0,,,12.84
0x0040a820,FUN_0040a820,,,80,0,0,0,0,0,0,0,0,struct_op,field assignment/read mix,1.6
0x0040b3e0,FUN_0040b3e0,,,243,0,0,0,0,0,0,0,0,struct_op,field assignment/read mix,4.86
0x0040be00,FUN_0040be00,,,142,0,0,0,0,0,0,0,0,pseudo_stub,"body is halt_* only, no recovered logic",2.84
0x0040f030,FUN_0040f030,,,288,0,0,0,0,0,1,0,0,convert,cast/float math,7.26
0x00417650,FUN_00417650,,,142,0,0,0,0,0,0,0,0,pseudo_stub,"body is halt_* only, no recovered logic",2.84
0x004238c0,FUN_004238c0,,,72,0,0,0,0,0,0,0,0,getter,reads 0 field(s),1.44
0x00423d80,FUN_00423d80,,,214,0,0,0,0,1,0,0,0,other,simd/vu0,7.28
0x004285f0,FUN_004285f0,,,65,0,0,1,0,0,0,0,0,struct_op,field assignment/read mix,4.3
0x00428630,FUN_00428630,,,144,1,0,0,0,0,0,0,0,thunk,wraps FUN_004285f0,6.88
0x00428b18,FUN_00428b18,strcat,core/strings,473,1,0,0,0,1,1,1,0,,,17.96
0x00428c50,FUN_00428c50,strchr,core/strings,547,0,0,0,0,0,1,4,0,,,12.44
0x00428f48,FUN_00428f48,strcpy,core/strings,409,0,0,1,0,0,1,1,0,,,12.68
0x00429708,FUN_00429708,,,214,0,0,1,0,1,0,0,0,other,simd/vu0,10.28
0x00429760,FUN_00429760,,,214,0,0,1,0,1,0,0,0,other,simd/vu0,10.28
0x004297c0,FUN_004297c0,,,214,0,0,1,0,1,0,0,0,other,simd/vu0,10.28
0x00429820,FUN_00429820,,,214,0,0,0,0,1,0,0,0,other,simd/vu0,7.28
0x00429880,FUN_00429880,,,214,0,0,1,0,1,0,0,0,other,simd/vu0,10.28
0x004298e0,FUN_004298e0,,,214,0,0,0,0,1,0,0,0,other,simd/vu0,7.28
0x00429940,FUN_00429940,,,214,0,0,0,0,1,0,0,0,other,simd/vu0,7.28
0x004299a0,FUN_004299a0,,,308,0,0,3,0,1,0,0,0,other,simd/vu0,18.16
0x00429b08,FUN_00429b08,,,214,0,0,0,0,1,0,0,0,other,simd/vu0,7.28
0x00429b80,FUN_00429b80,,,214,0,0,0,0,1,0,0,0,other,simd/vu0,7.28
0x00429c60,FUN_00429c60,,,214,0,0,3,0,1,0,0,0,other,simd/vu0,16.28
0x00429de0,FUN_00429de0,,,298,0,0,0,0,1,0,0,0,other,simd/vu0,8.96
0x00429ef0,FUN_00429ef0,,,144,1,0,1,0,0,0,0,0,thunk,wraps FUN_0042a5e8,9.88
0x00429f10,FUN_00429f10,,,144,1,0,0,0,0,0,0,0,thunk,wraps FUN_00429ef0,6.88
0x0042a4e0,FUN_0042a4e0,script_step_b,game/script,1398,2,0,0,0,1,0,7,0,,,38.96
0x0042a5e8,FUN_0042a5e8,,,243,0,0,2,0,0,0,0,0,struct_op,field assignment/read mix,10.86
0x0042a680,FUN_0042a680,script_step_d,game/script,1170,2,0,2,0,0,0,5,0,,,37.4
0x0042a7f8,FUN_0042a7f8,,,144,1,0,0,0,0,0,0,0,thunk,wraps FUN_004299a0,6.88
0x0042a818,FUN_0042a818,script_step,game/script,1907,4,0,1,0,1,0,13,0,,,60.14
0x0042a980,FUN_0042a980,,,365,1,0,0,0,1,0,1,0,other,simd/vu0,14.3
0x0042ab60,FUN_0042ab60,,,242,1,0,0,0,1,0,0,0,other,simd/vu0,11.84
0x0042ac48,FUN_0042ac48,script_abort,game/script,464,1,0,1,0,1,0,1,0,,,19.28
0x0042acb0,FUN_0042acb0,,,144,1,0,0,0,0,0,0,0,thunk,wraps FUN_00429708,6.88
0x0042acd0,FUN_0042acd0,,,214,0,0,0,0,1,0,0,0,other,simd/vu0,7.28
0x0042ae68,FUN_0042ae68,,,304,0,0,0,0,0,0,0,0,struct_op,field assignment/read mix,6.08
0x0042ba78,FUN_0042ba78,,,198,1,0,0,0,0,0,0,0,thunk,wraps FUN_00432fc0,7.96
0x0042bb70,FUN_0042bb70,,,214,0,0,0,0,1,0,0,0,other,simd/vu0,7.28
0x0042bc88,FUN_0042bc88,script_step_c,game/script,1230,2,0,0,0,1,0,8,0,,,35.6
0x0042bd70,FUN_0042bd70,,,134,1,0,0,0,0,0,1,0,thunk,wraps FUN_00108ee8,6.68
0x0042bd98,FUN_0042bd98,,,144,1,0,0,0,0,0,0,0,thunk,wraps FUN_0042f100,6.88
0x0042bdb8,FUN_0042bdb8,,,144,0,1,0,0,0,0,0,0,thunk,wraps FUN_004318c0,3.88
0x0042bde0,FUN_0042bde0,,,244,0,0,0,0,0,0,0,0,struct_op,field assignment/read mix,4.88
0x0042bfa8,FUN_0042bfa8,,,363,0,0,0,0,1,0,0,0,other,simd/vu0,10.26
0x0042c1c8,FUN_0042c1c8,,,242,0,1,0,0,1,0,0,0,other,simd/vu0,8.84
0x0042c1e8,FUN_0042c1e8,,,214,0,0,0,0,1,0,0,0,other,simd/vu0,7.28
0x0042c238,FUN_0042c238,,,214,0,0,0,0,1,0,0,0,other,simd/vu0,7.28
0x0042c280,FUN_0042c280,,,299,0,0,0,0,0,0,0,0,struct_op,field assignment/read mix,5.98
0x0042c5c0,FUN_0042c5c0,,,214,0,0,1,0,1,0,0,0,other,simd/vu0,10.28
0x0042c620,FUN_0042c620,,,244,1,0,0,2,0,0,1,0,thunk,wraps FUN_0043cb00,13.88
0x0042c660,FUN_0042c660,,,214,0,0,1,0,1,0,0,0,other,simd/vu0,10.28
0x0042c740,FUN_0042c740,,,363,0,0,0,0,1,0,0,0,other,simd/vu0,10.26
0x0042c848,FUN_0042c848,,,299,0,0,0,0,0,0,0,0,struct_op,field assignment/read mix,5.98
0x0042cac8,FUN_0042cac8,,,339,1,0,0,0,1,0,0,0,other,simd/vu0,13.78
0x0042cb00,FUN_0042cb00,,,309,0,0,0,0,1,0,0,0,other,simd/vu0,9.18
0x0042cd18,FUN_0042cd18,,,298,0,0,0,0,1,0,0,0,other,simd/vu0,8.96
0x0042ce18,FUN_0042ce18,,,215,0,0,0,0,0,0,0,0,struct_op,field assignment/read mix,4.3
0x0042cfe0,FUN_0042cfe0,,,243,0,0,0,0,0,0,0,0,struct_op,field assignment/read mix,4.86
0x0042d3d0,FUN_0042d3d0,,,215,0,0,0,0,1,0,0,0,other,simd/vu0,7.3
0x0042d680,FUN_0042d680,,,242,1,0,0,0,1,0,0,0,other,simd/vu0,11.84
0x0042d6b0,FUN_0042d6b0,,,144,1,0,0,0,0,0,0,0,thunk,wraps FUN_00431390,6.88
0x0042d708,FUN_0042d708,,,260,1,1,0,0,1,0,0,0,other,simd/vu0,13.2
0x0042d770,FUN_0042d770,,,308,0,0,0,0,0,0,0,0,struct_op,field assignment/read mix,6.16
0x0042f100,FUN_0042f100,,,144,0,1,2,0,0,0,0,0,thunk,wraps FUN_0042e1f0,9.88
0x0042f130,FUN_0042f130,,,162,1,1,0,0,0,0,0,0,struct_op,field assignment/read mix,8.24
0x0042f158,FUN_0042f158,,,244,0,0,0,0,0,0,0,0,struct_op,field assignment/read mix,4.88
0x0042f638,FUN_0042f638,,,222,1,0,0,0,0,0,0,0,thunk,wraps FUN_0042f660,8.44
0x0042f660,FUN_0042f660,strtok_save_state,core/strings,1314,0,0,1,0,0,4,8,0,,,35.28
0x0042f750,FUN_0042f750,,,243,0,0,0,0,0,0,0,0,struct_op,field assignment/read mix,4.86
0x0042fb10,FUN_0042fb10,,,214,0,0,0,0,1,0,0,0,other,simd/vu0,7.28
0x0042fd98,FUN_0042fd98,,,244,0,0,0,0,0,0,0,0,struct_op,field assignment/read mix,4.88
0x00430000,FUN_00430000,,,308,0,0,0,0,0,0,0,0,struct_op,field assignment/read mix,6.16
0x00430748,FUN_00430748,,,230,0,0,0,0,1,0,0,0,other,simd/vu0,7.6
0x004311f0,FUN_004311f0,heap_stats,core/mem,677,0,0,1,6,0,2,0,0,,,34.54
0x004312a0,FUN_004312a0,,,344,2,0,1,0,0,0,0,0,struct_op,field assignment/read mix,17.88
0x00431390,FUN_00431390,,,344,0,0,2,0,0,0,0,0,struct_op,field assignment/read mix,12.88
0x00431488,FUN_00431488,,,214,0,0,0,0,1,0,0,0,other,simd/vu0,7.28
0x00431920,FUN_00431920,,,308,0,0,0,0,0,0,0,0,struct_op,field assignment/read mix,6.16
0x00432588,FUN_00432588,,,308,0,0,0,0,1,0,0,0,other,simd/vu0,9.16
0x004327a0,FUN_004327a0,strrev,core/strings,572,0,0,1,0,0,2,2,0,,,17.44
0x00432818,FUN_00432818,itoa,core/strings,746,1,0,0,0,0,1,4,0,,,20.42
0x00432e90,FUN_00432e90,,,144,0,1,0,0,0,0,0,0,thunk,wraps FUN_00432eb8,3.88
0x00432fc0,FUN_00432fc0,format_scan,core/strings,1154,2,0,1,0,0,2,5,0,,,37.08
0x00433090,FUN_00433090,,,406,0,0,1,0,0,0,0,0,struct_op,field assignment/read mix,11.12
0x00433ec0,FUN_00433ec0,,,144,1,0,0,0,0,0,0,0,thunk,wraps FUN_00433ef0,6.88
0x00433ef0,FUN_00433ef0,,,324,0,0,2,0,0,0,0,0,struct_op,field assignment/read mix,12.48
0x0043cb00,FUN_0043cb00,,core/struct,53,0,0,1,0,0,0,0,0,struct_op,field assignment/read mix,4.06
0x0043d2b8,FUN_0043d2b8,,,142,0,0,0,0,0,0,0,0,pseudo_stub,"body is halt_* only, no recovered logic",2.84
0x0043e328,FUN_0043e328,,,142,0,0,0,0,0,0,0,0,pseudo_stub,"body is halt_* only, no recovered logic",2.84
0x0043f5b8,FUN_0043f5b8,,,260,0,0,0,0,0,0,1,0,getter,reads 0 field(s),5.2
0x0043f5e8,FUN_0043f5e8,,,142,0,0,0,0,0,0,0,0,pseudo_stub,"body is halt_* only, no recovered logic",2.84
0x00440890,FUN_00440890,,,142,0,0,0,0,0,0,0,0,pseudo_stub,"body is halt_* only, no recovered logic",2.84
0x004450e0,FUN_004450e0,,core/struct,53,0,0,0,0,0,0,0,0,struct_op,field assignment/read mix,1.06
0x004450f0,FUN_004450f0,,,142,0,0,0,0,0,0,0,0,pseudo_stub,"body is halt_* only, no recovered logic",2.84
0x00446150,FUN_00446150,,,142,0,0,0,0,0,0,0,0,pseudo_stub,"body is halt_* only, no recovered logic",2.84
0x00446c30,FUN_00446c30,,,142,0,0,0,0,0,0,0,0,pseudo_stub,"body is halt_* only, no recovered logic",2.84
0x00446c68,FUN_00446c68,,,142,0,0,0,0,0,0,0,0,pseudo_stub,"body is halt_* only, no recovered logic",2.84
0x00448d40,FUN_00448d40,,,142,0,0,0,0,0,0,0,0,pseudo_stub,"body is halt_* only, no recovered logic",2.84
0x00449070,FUN_00449070,,,142,0,0,0,0,0,0,0,0,pseudo_stub,"body is halt_* only, no recovered logic",2.84
0x004490b0,FUN_004490b0,,,142,0,0,0,0,0,0,0,0,pseudo_stub,"body is halt_* only, no recovered logic",2.84
0x00449160,FUN_00449160,,,142,0,0,0,0,0,0,0,0,pseudo_stub,"body is halt_* only, no recovered logic",2.84
0x004491c0,FUN_004491c0,,,142,0,0,0,0,0,0,0,0,pseudo_stub,"body is halt_* only, no recovered logic",2.84
0x0044fcb0,FUN_0044fcb0,,,243,0,0,0,0,0,0,0,0,struct_op,field assignment/read mix,4.86
0x004518d0,FUN_004518d0,blit_palette_image,gfx/image,18266,0,0,0,0,0,17,27,0,,,105.5
0x0045b778,FUN_0045b778,,,142,0,0,0,0,0,0,0,0,pseudo_stub,"body is halt_* only, no recovered logic",2.84
0x0045d6f0,FUN_0045d6f0,,,172,0,0,0,2,0,0,0,0,setter,"2 field writes, returns",8.44
0x00464618,FUN_00464618,,,142,0,0,0,0,0,0,0,0,pseudo_stub,"body is halt_* only, no recovered logic",2.84
0x00467ae8,FUN_00467ae8,,,142,0,0,0,0,0,0,0,0,pseudo_stub,"body is halt_* only, no recovered logic",2.84
0x0046bbc8,FUN_0046bbc8,,,142,0,0,0,0,0,0,0,0,pseudo_stub,"body is halt_* only, no recovered logic",2.84
0x0046c500,FUN_0046c500,,,301,0,0,0,1,0,1,1,0,convert,cast/float math,10.02
0x0046cd48,FUN_0046cd48,,,142,0,0,0,0,0,0,0,0,pseudo_stub,"body is halt_* only, no recovered logic",2.84
0x0046d180,FUN_0046d180,,,142,0,0,0,0,0,0,0,0,pseudo_stub,"body is halt_* only, no recovered logic",2.84
0x0046d2c0,FUN_0046d2c0,,,142,0,0,0,0,0,0,0,0,pseudo_stub,"body is halt_* only, no recovered logic",2.84
0x0046d2f0,FUN_0046d2f0,,,142,0,0,0,0,0,0,0,0,pseudo_stub,"body is halt_* only, no recovered logic",2.84
0x0046d320,FUN_0046d320,,,142,0,0,0,0,0,0,0,0,pseudo_stub,"body is halt_* only, no recovered logic",2.84
0x0046d578,FUN_0046d578,,,142,0,0,0,0,0,0,0,0,pseudo_stub,"body is halt_* only, no recovered logic",2.84
0x0046f330,FUN_0046f330,,,142,0,0,0,0,0,0,0,0,pseudo_stub,"body is halt_* only, no recovered logic",2.84
0x00470980,FUN_00470980,,,142,0,0,0,0,0,0,0,0,pseudo_stub,"body is halt_* only, no recovered logic",2.84
0x00470b88,FUN_00470b88,,,142,0,0,0,0,0,0,0,0,pseudo_stub,"body is halt_* only, no recovered logic",2.84
0x00471298,FUN_00471298,,,142,0,0,0,0,0,0,0,0,pseudo_stub,"body is halt_* only, no recovered logic",2.84
0x00471420,FUN_00471420,,,142,0,0,0,0,0,0,0,0,pseudo_stub,"body is halt_* only, no recovered logic",2.84
0x00474768,FUN_00474768,,,142,0,0,0,0,0,0,0,0,pseudo_stub,"body is halt_* only, no recovered logic",2.84
0x00474790,FUN_00474790,,,142,0,0,0,0,0,0,0,0,pseudo_stub,"body is halt_* only, no recovered logic",2.84
0x00474d70,FUN_00474d70,,,142,0,0,0,0,0,0,0,0,pseudo_stub,"body is halt_* only, no recovered logic",2.84
0x00475320,FUN_00475320,,,142,0,0,0,0,0,0,0,0,pseudo_stub,"body is halt_* only, no recovered logic",2.84
0x00475370,FUN_00475370,,,142,0,0,0,0,0,0,0,0,pseudo_stub,"body is halt_* only, no recovered logic",2.84
0x004753c0,FUN_004753c0,,,142,0,0,0,0,0,0,0,0,pseudo_stub,"body is halt_* only, no recovered logic",2.84
0x00475410,FUN_00475410,,,142,0,0,0,0,0,0,0,0,pseudo_stub,"body is halt_* only, no recovered logic",2.84
0x00475460,FUN_00475460,,,142,0,0,0,0,0,0,0,0,pseudo_stub,"body is halt_* only, no recovered logic",2.84
0x00475568,FUN_00475568,,,142,0,0,0,0,0,0,0,0,pseudo_stub,"body is halt_* only, no recovered logic",2.84
0x00475600,FUN_00475600,,,142,0,0,0,0,0,0,0,0,pseudo_stub,"body is halt_* only, no recovered logic",2.84
0x00475698,FUN_00475698,,,142,0,0,0,0,0,0,0,0,pseudo_stub,"body is halt_* only, no recovered logic",2.84
0x00475720,FUN_00475720,,,142,0,0,0,0,0,0,0,0,pseudo_stub,"body is halt_* only, no recovered logic",2.84
0x004757e0,FUN_004757e0,,,142,0,0,0,0,0,0,0,0,pseudo_stub,"body is halt_* only, no recovered logic",2.84
0x00475810,FUN_00475810,,,142,0,0,0,0,0,0,0,0,pseudo_stub,"body is halt_* only, no recovered logic",2.84
0x00475870,FUN_00475870,,,142,0,0,0,0,0,0,0,0,pseudo_stub,"body is halt_* only, no recovered logic",2.84
0x00475a38,FUN_00475a38,,,142,0,0,0,0,0,0,0,0,pseudo_stub,"body is halt_* only, no recovered logic",2.84
0x00475b80,FUN_00475b80,,,142,0,0,0,0,0,0,0,0,pseudo_stub,"body is halt_* only, no recovered logic",2.84
0x00475bc0,FUN_00475bc0,,,142,0,0,0,0,0,0,0,0,pseudo_stub,"body is halt_* only, no recovered logic",2.84
0x00475bf0,FUN_00475bf0,,,142,0,0,0,0,0,0,0,0,pseudo_stub,"body is halt_* only, no recovered logic",2.84
0x00475c20,FUN_00475c20,,,142,0,0,0,0,0,0,0,0,pseudo_stub,"body is halt_* only, no recovered logic",2.84
0x00475c50,FUN_00475c50,,,142,0,0,0,0,0,0,0,0,pseudo_stub,"body is halt_* only, no recovered logic",2.84
0x00475c80,FUN_00475c80,,,142,0,0,0,0,0,0,0,0,pseudo_stub,"body is halt_* only, no recovered logic",2.84
0x00475de0,FUN_00475de0,,,142,0,0,0,0,0,0,0,0,pseudo_stub,"body is halt_* only, no recovered logic",2.84
0x00475fd0,FUN_00475fd0,,,142,0,0,0,0,0,0,0,0,pseudo_stub,"body is halt_* only, no recovered logic",2.84
0x004779c8,FUN_004779c8,,,142,0,0,0,0,0,0,0,0,pseudo_stub,"body is halt_* only, no recovered logic",2.84
0x00477c40,FUN_00477c40,,,142,0,0,0,0,0,0,0,0,pseudo_stub,"body is halt_* only, no recovered logic",2.84
0x00478908,FUN_00478908,,,142,0,0,0,0,0,0,0,0,pseudo_stub,"body is halt_* only, no recovered logic",2.84
0x00478bb8,FUN_00478bb8,,,142,0,0,0,0,0,0,0,0,pseudo_stub,"body is halt_* only, no recovered logic",2.84
0x00478dc0,FUN_00478dc0,,,142,0,0,0,0,0,0,0,0,pseudo_stub,"body is halt_* only, no recovered logic",2.84
0x004791d0,FUN_004791d0,,,142,0,0,0,0,0,0,0,0,pseudo_stub,"body is halt_* only, no recovered logic",2.84
0x00479468,FUN_00479468,,,142,0,0,0,0,0,0,0,0,pseudo_stub,"body is halt_* only, no recovered logic",2.84
0x00479d20,FUN_00479d20,,,142,0,0,0,0,0,0,0,0,pseudo_stub,"body is halt_* only, no recovered logic",2.84
0x0047ab38,FUN_0047ab38,,,142,0,0,0,0,0,0,0,0,pseudo_stub,"body is halt_* only, no recovered logic",2.84
0x0047ad60,FUN_0047ad60,,,142,0,0,0,0,0,0,0,0,pseudo_stub,"body is halt_* only, no recovered logic",2.84
0x0047ad98,FUN_0047ad98,,,142,0,0,0,0,0,0,0,0,pseudo_stub,"body is halt_* only, no recovered logic",2.84
0x0047c068,FUN_0047c068,,,142,0,0,0,0,0,0,0,0,pseudo_stub,"body is halt_* only, no recovered logic",2.84
0x0047c6a0,FUN_0047c6a0,,,142,0,0,0,0,0,0,0,0,pseudo_stub,"body is halt_* only, no recovered logic",2.84
0x0047c738,FUN_0047c738,,,142,0,0,0,0,0,0,0,0,pseudo_stub,"body is halt_* only, no recovered logic",2.84
0x0047ca18,FUN_0047ca18,,,142,0,0,0,0,0,0,0,0,pseudo_stub,"body is halt_* only, no recovered logic",2.84
0x0047ca58,FUN_0047ca58,,,142,0,0,0,0,0,0,0,0,pseudo_stub,"body is halt_* only, no recovered logic",2.84
0x0047d8c8,FUN_0047d8c8,,,142,0,0,0,0,0,0,0,0,pseudo_stub,"body is halt_* only, no recovered logic",2.84
0x0047e140,FUN_0047e140,,,142,0,0,0,0,0,0,0,0,pseudo_stub,"body is halt_* only, no recovered logic",2.84
0x0047e1d8,FUN_0047e1d8,,,142,0,0,0,0,0,0,0,0,pseudo_stub,"body is halt_* only, no recovered logic",2.84
0x0047e4a8,FUN_0047e4a8,,,142,0,0,0,0,0,0,0,0,pseudo_stub,"body is halt_* only, no recovered logic",2.84
0x0047e4e8,FUN_0047e4e8,,,142,0,0,0,0,0,0,0,0,pseudo_stub,"body is halt_* only, no recovered logic",2.84
0x0047f368,FUN_0047f368,,,142,0,0,0,0,0,0,0,0,pseudo_stub,"body is halt_* only, no recovered logic",2.84
0x0047f3f8,FUN_0047f3f8,,,142,0,0,0,0,0,0,0,0,pseudo_stub,"body is halt_* only, no recovered logic",2.84
0x0047f4a0,FUN_0047f4a0,,,302,0,0,0,1,0,1,1,0,convert,cast/float math,10.04
0x0047f828,FUN_0047f828,,,142,0,0,0,0,0,0,0,0,pseudo_stub,"body is halt_* only, no recovered logic",2.84
0x0047f958,FUN_0047f958,,,142,0,0,0,0,0,0,0,0,pseudo_stub,"body is halt_* only, no recovered logic",2.84
0x0047f9f8,FUN_0047f9f8,,,142,0,0,0,0,0,0,0,0,pseudo_stub,"body is halt_* only, no recovered logic",2.84
0x0047fa28,FUN_0047fa28,,,142,0,0,0,0,0,0,0,0,pseudo_stub,"body is halt_* only, no recovered logic",2.84
0x0047fae8,FUN_0047fae8,,,142,0,0,0,0,0,0,0,0,pseudo_stub,"body is halt_* only, no recovered logic",2.84
0x0047fb80,FUN_0047fb80,,,142,0,0,0,0,0,0,0,0,pseudo_stub,"body is halt_* only, no recovered logic",2.84
0x0047fc18,FUN_0047fc18,,,142,0,0,0,0,0,0,0,0,pseudo_stub,"body is halt_* only, no recovered logic",2.84
0x0047fcb0,FUN_0047fcb0,,,142,0,0,0,0,0,0,0,0,pseudo_stub,"body is halt_* only, no recovered logic",2.84
0x0047fd18,FUN_0047fd18,,,142,0,0,0,0,0,0,0,0,pseudo_stub,"body is halt_* only, no recovered logic",2.84
0x0047fd88,FUN_0047fd88,,,142,0,0,0,0,0,0,0,0,pseudo_stub,"body is halt_* only, no recovered logic",2.84
0x0047fdc0,FUN_0047fdc0,,,142,0,0,0,0,0,0,0,0,pseudo_stub,"body is halt_* only, no recovered logic",2.84
0x00481968,FUN_00481968,,,142,0,0,0,0,0,0,0,0,pseudo_stub,"body is halt_* only, no recovered logic",2.84
0x00481da0,FUN_00481da0,,,142,0,0,0,0,0,0,0,0,pseudo_stub,"body is halt_* only, no recovered logic",2.84
0x00482330,FUN_00482330,,,142,0,0,0,0,0,0,0,0,pseudo_stub,"body is halt_* only, no recovered logic",2.84
0x00482b80,FUN_00482b80,,,142,0,0,0,0,0,0,0,0,pseudo_stub,"body is halt_* only, no recovered logic",2.84
0x0048bbf0,FUN_0048bbf0,,,142,0,0,0,0,0,0,0,0,pseudo_stub,"body is halt_* only, no recovered logic",2.84
0x0048bc20,FUN_0048bc20,,,142,0,0,0,0,0,0,0,0,pseudo_stub,"body is halt_* only, no recovered logic",2.84
0x0048bc48,FUN_0048bc48,,,142,0,0,0,0,0,0,0,0,pseudo_stub,"body is halt_* only, no recovered logic",2.84
0x0048bc70,FUN_0048bc70,,,142,0,0,0,0,0,0,0,0,pseudo_stub,"body is halt_* only, no recovered logic",2.84
0x0048bca0,FUN_0048bca0,,,142,0,0,0,0,0,0,0,0,pseudo_stub,"body is halt_* only, no recovered logic",2.84
0x0048bcc8,FUN_0048bcc8,,,142,0,0,0,0,0,0,0,0,pseudo_stub,"body is halt_* only, no recovered logic",2.84
0x0048bcf0,FUN_0048bcf0,,,142,0,0,0,0,0,0,0,0,pseudo_stub,"body is halt_* only, no recovered logic",2.84
0x0048bd18,FUN_0048bd18,,,142,0,0,0,0,0,0,0,0,pseudo_stub,"body is halt_* only, no recovered logic",2.84
0x0048bd40,FUN_0048bd40,,,142,0,0,0,0,0,0,0,0,pseudo_stub,"body is halt_* only, no recovered logic",2.84
0x0048bd68,FUN_0048bd68,,,142,0,0,0,0,0,0,0,0,pseudo_stub,"body is halt_* only, no recovered logic",2.84
0x0048bd90,FUN_0048bd90,,,142,0,0,0,0,0,0,0,0,pseudo_stub,"body is halt_* only, no recovered logic",2.84
0x0048bdb8,FUN_0048bdb8,,,142,0,0,0,0,0,0,0,0,pseudo_stub,"body is halt_* only, no recovered logic",2.84
0x0048bde0,FUN_0048bde0,,,142,0,0,0,0,0,0,0,0,pseudo_stub,"body is halt_* only, no recovered logic",2.84
0x0048be08,FUN_0048be08,,,142,0,0,0,0,0,0,0,0,pseudo_stub,"body is halt_* only, no recovered logic",2.84
0x0048be30,FUN_0048be30,,,142,0,0,0,0,0,0,0,0,pseudo_stub,"body is halt_* only, no recovered logic",2.84
0x0048be58,FUN_0048be58,,,142,0,0,0,0,0,0,0,0,pseudo_stub,"body is halt_* only, no recovered logic",2.84
0x0048be80,FUN_0048be80,,,142,0,0,0,0,0,0,0,0,pseudo_stub,"body is halt_* only, no recovered logic",2.84
0x0048bea8,FUN_0048bea8,,,142,0,0,0,0,0,0,0,0,pseudo_stub,"body is halt_* only, no recovered logic",2.84
0x0048bed0,FUN_0048bed0,,,142,0,0,0,0,0,0,0,0,pseudo_stub,"body is halt_* only, no recovered logic",2.84
0x0049b7d0,FUN_0049b7d0,,,142,0,0,0,0,0,0,0,0,pseudo_stub,"body is halt_* only, no recovered logic",2.84
0x0049c250,FUN_0049c250,,,142,0,0,0,0,0,0,0,0,pseudo_stub,"body is halt_* only, no recovered logic",2.84
0x0049fcd8,FUN_0049fcd8,,,142,0,0,0,0,0,0,0,0,pseudo_stub,"body is halt_* only, no recovered logic",2.84
0x0049fdf8,FUN_0049fdf8,,,142,0,0,0,0,0,0,0,0,pseudo_stub,"body is halt_* only, no recovered logic",2.84
0x004ac8b8,FUN_004ac8b8,,,142,0,0,0,0,0,0,0,0,pseudo_stub,"body is halt_* only, no recovered logic",2.84
0x004b22a8,FUN_004b22a8,,,142,0,0,0,0,0,0,0,0,pseudo_stub,"body is halt_* only, no recovered logic",2.84
0x004b98e8,FUN_004b98e8,,,142,0,0,0,0,0,0,0,0,pseudo_stub,"body is halt_* only, no recovered logic",2.84
0x004b9928,FUN_004b9928,,,142,0,0,0,0,0,0,0,0,pseudo_stub,"body is halt_* only, no recovered logic",2.84
0x004f9eb0,FUN_004f9eb0,varint_read,core/bitstream,1291,0,0,0,3,0,3,6,0,,,37.82
0x004fc100,FUN_004fc100,,,142,0,0,0,0,0,0,0,0,pseudo_stub,"body is halt_* only, no recovered logic",2.84
0x004fc150,FUN_004fc150,,,142,0,0,0,0,0,0,0,0,pseudo_stub,"body is halt_* only, no recovered logic",2.84
0x004fc1a0,FUN_004fc1a0,,,142,0,0,0,0,0,0,0,0,pseudo_stub,"body is halt_* only, no recovered logic",2.84
0x004fc1f0,FUN_004fc1f0,,,142,0,0,0,0,0,0,0,0,pseudo_stub,"body is halt_* only, no recovered logic",2.84
0x004fc240,FUN_004fc240,,,142,0,0,0,0,0,0,0,0,pseudo_stub,"body is halt_* only, no recovered logic",2.84
0x004fdc60,FUN_004fdc60,,,142,0,0,0,0,0,0,0,0,pseudo_stub,"body is halt_* only, no recovered logic",2.84
0x00508ec0,FUN_00508ec0,,,142,0,0,0,0,0,0,0,0,pseudo_stub,"body is halt_* only, no recovered logic",2.84
0x0050a380,FUN_0050a380,,,142,0,0,0,0,0,0,0,0,pseudo_stub,"body is halt_* only, no recovered logic",2.84
0x0050cfc0,FUN_0050cfc0,,,142,0,0,0,0,0,0,0,0,pseudo_stub,"body is halt_* only, no recovered logic",2.84
0x0050ecf0,FUN_0050ecf0,,,142,0,0,0,0,0,0,0,0,pseudo_stub,"body is halt_* only, no recovered logic",2.84
0x0050f2d0,FUN_0050f2d0,,,142,0,0,0,0,0,0,0,0,pseudo_stub,"body is halt_* only, no recovered logic",2.84
0x00512da0,FUN_00512da0,,,142,0,0,0,0,0,0,0,0,pseudo_stub,"body is halt_* only, no recovered logic",2.84
0x005137f0,FUN_005137f0,,,142,0,0,0,0,0,0,0,0,pseudo_stub,"body is halt_* only, no recovered logic",2.84
0x00513f30,FUN_00513f30,,,142,0,0,0,0,0,0,0,0,pseudo_stub,"body is halt_* only, no recovered logic",2.84
0x0051d6e0,FUN_0051d6e0,,,142,0,0,0,0,0,0,0,0,pseudo_stub,"body is halt_* only, no recovered logic",2.84
0x00530050,FUN_00530050,swap16,core/endian,181,0,0,0,0,0,0,0,0,,,3.62
0x00530080,FUN_00530080,swap32,core/endian,362,0,0,0,0,0,0,0,0,,,7.24
0x00530140,FUN_00530140,,,142,0,0,0,0,0,0,0,0,pseudo_stub,"body is halt_* only, no recovered logic",2.84
0x005301c0,FUN_005301c0,,,142,0,0,0,0,0,0,0,0,pseudo_stub,"body is halt_* only, no recovered logic",2.84
0x00534b60,FUN_00534b60,heap_alloc_block,core/mem,2422,0,0,0,2,0,4,7,0,,,59.44
0x0053fd80,FUN_0053fd80,,core/struct,117,0,0,0,0,0,0,0,0,getter,reads 0 field(s),2.34
0x00540780,FUN_00540780,,,317,0,0,0,0,0,0,1,0,setter,"1 field writes, returns",6.34
0x00540850,FUN_00540850,,,142,0,0,0,0,0,0,0,0,pseudo_stub,"body is halt_* only, no recovered logic",2.84
0x005408e0,FUN_005408e0,,,142,0,0,0,0,0,0,0,0,pseudo_stub,"body is halt_* only, no recovered logic",2.84
0x00551a70,FUN_00551a70,,,222,0,0,0,0,0,0,1,0,memcmp,"compares two structs, returns int",4.44
0x00557840,FUN_00557840,,,142,0,0,0,0,0,0,0,0,pseudo_stub,"body is halt_* only, no recovered logic",2.84
0x00557860,FUN_00557860,,,142,0,0,0,0,0,0,0,0,pseudo_stub,"body is halt_* only, no recovered logic",2.84
0x0055a720,FUN_0055a720,,,142,0,0,0,0,0,0,0,0,pseudo_stub,"body is halt_* only, no recovered logic",2.84
0x0055a790,FUN_0055a790,,,142,0,0,0,0,0,0,0,0,pseudo_stub,"body is halt_* only, no recovered logic",2.84
0x00564850,FUN_00564850,,,142,0,0,0,0,0,0,0,0,pseudo_stub,"body is halt_* only, no recovered logic",2.84
0x00564e90,FUN_00564e90,,,142,0,0,0,0,0,0,0,0,pseudo_stub,"body is halt_* only, no recovered logic",2.84
0x0056a060,FUN_0056a060,,,142,0,0,0,0,0,0,0,0,pseudo_stub,"body is halt_* only, no recovered logic",2.84
0x0056a080,FUN_0056a080,,,142,0,0,0,0,0,0,0,0,pseudo_stub,"body is halt_* only, no recovered logic",2.84
0x0056dd40,FUN_0056dd40,,,142,0,0,0,0,0,0,0,0,pseudo_stub,"body is halt_* only, no recovered logic",2.84
0x0056dfb0,FUN_0056dfb0,,,142,0,0,0,0,0,0,0,0,pseudo_stub,"body is halt_* only, no recovered logic",2.84
0x0056ea90,FUN_0056ea90,,,142,0,0,0,0,0,0,0,0,pseudo_stub,"body is halt_* only, no recovered logic",2.84
0x00573f50,FUN_00573f50,,,142,0,0,0,0,0,0,0,0,pseudo_stub,"body is halt_* only, no recovered logic",2.84
0x00575ad0,FUN_00575ad0,,,142,0,0,0,0,0,0,0,0,pseudo_stub,"body is halt_* only, no recovered logic",2.84
0x00575b60,FUN_00575b60,,,142,0,0,0,0,0,0,0,0,pseudo_stub,"body is halt_* only, no recovered logic",2.84
0x00575d70,FUN_00575d70,,,142,0,0,0,0,0,0,0,0,pseudo_stub,"body is halt_* only, no recovered logic",2.84
0x0058ab30,FUN_0058ab30,,,244,0,0,0,0,0,0,0,0,struct_op,field assignment/read mix,4.88
0x0058d7c0,FUN_0058d7c0,lerp3,math/vec,280,0,0,0,0,0,0,0,4,,,9.6
0x0058dea0,FUN_0058dea0,pixel_format_convert,gfx/color,1494,0,0,0,0,0,0,0,47,,,76.88
0x005e8040,FUN_005e8040,,,142,0,0,0,0,0,0,0,0,pseudo_stub,"body is halt_* only, no recovered logic",2.84
0x005e8090,FUN_005e8090,,,142,0,0,0,0,0,0,0,0,pseudo_stub,"body is halt_* only, no recovered logic",2.84
0x005ec0a0,FUN_005ec0a0,list_contains,core/containers,427,0,0,0,0,0,1,2,0,,,10.04
0x005ed330,FUN_005ed330,list_contains_b,core/containers,427,0,0,0,0,0,1,2,0,,,10.04
0x005fbe10,FUN_005fbe10,,,142,0,0,0,0,0,0,0,0,pseudo_stub,"body is halt_* only, no recovered logic",2.84
0x005fcb70,FUN_005fcb70,,,142,0,0,0,0,0,0,0,0,pseudo_stub,"body is halt_* only, no recovered logic",2.84
0x005fcbf0,FUN_005fcbf0,,,142,0,0,0,0,0,0,0,0,pseudo_stub,"body is halt_* only, no recovered logic",2.84
0x006588a0,FUN_006588a0,boot_iop_copy,sys/boot,587,0,0,0,0,0,1,1,0,,,13.24
