address,name,status,symboled,module,score,leaf_hint,body_bytes,cop2,loops,globals,return_kind,confidence,args,labels,callers,callees,calls_real,stub_frontier,conflicts,hub,hub_dir
0x00120720,FUN_00120720,real_logic,False,-,19.26,other,363,4,0,0,void,0.55,a0=ptr;a1=-;a2=-;a3=-,a0=Unknown_a0_0|a1=ptr|a2=Unknown_a2_0_4_8|a3=int,0,0,0,,7,,-
0x004299a0,FUN_004299a0,real_logic,False,-,18.16,other,308,1,0,0,ret,0.45,a0=int;a1=int;a2=int;a3=int,a0=int|a1=int|a2=int|a3=int|ret=ptr,0,0,0,,1,,-
0x004312a0,FUN_004312a0,real_logic,False,-,17.88,struct_op,344,0,0,0,ret,0.50,a0=int;a1=int;a2=int;a3=int,a0=int|a1=int|a2=int|a3=int|ret=ptr,2,2,2,,0,,-
0x00429c60,FUN_00429c60,real_logic,False,-,16.28,other,214,1,0,0,int,0.55,a0=int;a1=int;a2=int;a3=int,a0=int|a1=int|a2=int|a3=int|ret=int,0,0,0,,0,,-
0x0034bb20,FUN_0034bb20,real_logic,False,-,15.92,other,346,3,0,0,ptr,0.55,a0=ptr;a1=-;a2=-;a3=-,a0=Unknown_a0_0|a1=ptr|a2=ptr|a3=int|ret=ptr,0,0,0,,4,,-
0x0036d630,FUN_0036d630,real_logic,False,-,15.92,other,346,3,0,0,ptr,0.55,a0=ptr;a1=-;a2=-;a3=-,a0=Unknown_a0_0|a1=ptr|a2=int|a3=int|ret=ptr,0,0,0,,0,,-
0x001206f0,FUN_001206f0,real_logic,False,-,15.7,other,335,3,0,0,void,0.55,a0=ptr;a1=-;a2=-;a3=-,a0=Unknown_a0_0|a1=int|a2=Unknown_a2_0|a3=Unknown_a3_20,0,0,0,,5,,-
0x0042a980,FUN_0042a980,real_logic,False,-,14.3,other,365,1,0,0,int,0.55,a0=int;a1=int;a2=int;a3=int,a0=int|a1=int|a2=int|a3=int|ret=int,1,1,1,,1,,-
0x00157070,FUN_00157070,real_logic,False,-,14.24,memcmp,312,0,0,0,ptr,0.70,a0=ptr;a1=ptr;a2=-;a3=-,a0=Unknown_a0_4_8_a4|a1=Unknown_a1_8_18_28|ret=ptr,0,0,0,,0,,
0x001574a0,FUN_001574a0,real_logic,False,-,14.24,memcmp,312,0,0,0,ptr,0.70,a0=ptr;a1=ptr;a2=-;a3=-,a0=Unknown_a0_4_8_ac|a1=Unknown_a1_8_18_28|ret=ptr,0,0,0,,0,,
0x0042c620,FUN_0042c620,real_logic,False,-,13.88,thunk,244,0,0,2,ret,0.45,a0=int;a1=int;a2=int;a3=int,a0=int|a1=int|a2=int|a3=int|ret=ptr,1,1,1,,0,,-
0x0042cac8,FUN_0042cac8,real_logic,False,-,13.78,other,339,1,0,0,ret,0.45,a0=int;a1=int;a2=int;a3=int,a0=int|a1=int|a2=int|a3=int|ret=ptr,1,1,1,,3,,-
0x0042d708,FUN_0042d708,real_logic,False,-,13.2,other,260,1,0,0,ret,0.45,a0=int;a1=int;a2=int;a3=int,a0=int|a1=int|a2=int|a3=int|ret=ptr,2,2,1,0x00429cf0,0,0x00429068,upstream
0x00431390,FUN_00431390,real_logic,False,-,12.88,struct_op,344,0,0,0,ret,0.50,a0=int;a1=int;a2=int;a3=int,a0=int|a1=int|a2=int|a3=int|ret=ptr,0,0,0,,0,0x00429068,upstream
0x00433ef0,FUN_00433ef0,real_logic,False,-,12.48,struct_op,324,0,0,0,ptr,0.60,a0=int;a1=int;a2=int;a3=int,a0=int|a1=int|a2=int|a3=int|ret=ptr,0,0,0,,3,0x00429068,upstream
0x0042ab60,FUN_0042ab60,real_logic,False,-,11.84,other,242,1,0,0,ptr,0.55,a0=int;a1=int;a2=int;a3=int,a0=int|a1=int|a2=int|a3=int|ret=ptr,1,1,1,,0,,-
0x0042d680,FUN_0042d680,real_logic,False,-,11.84,other,242,1,0,0,ret,0.45,a0=int;a1=int;a2=int;a3=int,a0=int|a1=int|a2=int|a3=int|ret=ptr,1,1,1,,0,,-
0x00365450,FUN_00365450,real_logic,False,-,11.28,other,264,2,0,0,ptr,0.55,a0=ptr;a1=-;a2=-;a3=-,a0=Unknown_a0_0|a1=ptr|a2=ptr|a3=int|ret=ptr,0,0,0,,1,,-
0x00433090,FUN_00433090,real_logic,False,-,11.12,struct_op,406,0,0,0,ptr,0.60,a0=int;a1=int;a2=int;a3=int,a0=int|a1=int|a2=int|a3=int|ret=ptr,0,0,0,,4,0x00429068,upstream
0x00157010,FUN_00157010,real_logic,False,-,10.94,memcmp,247,0,0,0,int,0.70,a0=ptr;a1=ptr;a2=-;a3=-,a0=Unknown_a0_4_8_a4|a1=Unknown_a1_28|ret=int,0,0,0,,0,,
0x00157440,FUN_00157440,real_logic,False,-,10.94,memcmp,247,0,0,0,int,0.70,a0=ptr;a1=ptr;a2=-;a3=-,a0=Unknown_a0_4_8_ac|a1=Unknown_a1_28|ret=int,0,0,0,,0,,
0x0042a5e8,FUN_0042a5e8,real_logic,False,-,10.86,struct_op,243,0,0,0,ret,0.60,a0=ptr;a1=int;a2=-;a3=-,a0=ptr|a1=int|a2=int|a3=int|ret=ptr,0,0,0,,1,,-
0x0019d330,FUN_0019d330,real_logic,False,-,10.84,setter,342,0,0,0,ptr,0.70,a0=ptr;a1=w;a2=-;a3=-,a0=ptr|ret=ptr,0,0,0,,0,,
0x00429708,FUN_00429708,real_logic,False,-,10.28,other,214,1,0,0,ptr,0.55,a0=int;a1=int;a2=int;a3=int,a0=int|a1=int|a2=int|a3=int|ret=ptr,0,0,0,,2,,-
0x00429760,FUN_00429760,real_logic,False,-,10.28,other,214,1,0,0,ptr,0.55,a0=int;a1=int;a2=int;a3=int,a0=int|a1=int|a2=int|a3=int|ret=ptr,0,0,0,,0,,-
0x004297c0,FUN_004297c0,real_logic,False,-,10.28,other,214,1,0,0,ptr,0.55,a0=int;a1=int;a2=int;a3=int,a0=int|a1=int|a2=int|a3=int|ret=ptr,0,0,0,,0,,-
0x00429880,FUN_00429880,real_logic,False,-,10.28,other,214,1,0,0,ptr,0.55,a0=int;a1=int;a2=int;a3=int,a0=int|a1=int|a2=int|a3=int|ret=ptr,0,0,0,,0,,-
0x0042c5c0,FUN_0042c5c0,real_logic,False,-,10.28,other,214,1,0,0,ptr,0.55,a0=int;a1=int;a2=int;a3=int,a0=int|a1=int|a2=int|a3=int|ret=ptr,0,0,0,,1,,-
0x0042c660,FUN_0042c660,real_logic,False,-,10.28,other,214,1,0,0,ret,0.60,a0=int;a1=ptr;a2=int;a3=int,a0=int|a1=ptr|a2=int|a3=int|ret=ptr,0,0,0,,2,,-
0x0042bfa8,FUN_0042bfa8,real_logic,False,-,10.26,other,363,1,0,0,ret,0.50,a0=ptr;a1=int;a2=int;a3=int,a0=Unknown_a0_0|a1=int|a2=int|a3=int|ret=ptr,0,0,0,,1,,-
0x0042c740,FUN_0042c740,real_logic,False,-,10.26,other,363,1,0,0,int,0.55,a0=int;a1=int;a2=int;a3=int,a0=int|a1=int|a2=int|a3=int|ret=int,0,0,0,,3,0x004287e0,upstream
0x0047f4a0,FUN_0047f4a0,real_logic,False,-,10.04,convert,302,0,1,1,int,0.45,a0=w;a1=int;a2=int;a3=-,a0=int|a1=int|a2=int|a3=int|ret=int,0,0,0,,0,,-
0x0046c500,FUN_0046c500,real_logic,False,-,10.02,convert,301,0,1,1,int,0.45,a0=w;a1=int;a2=int;a3=-,a0=int|a1=int|a2=int|a3=int|ret=int,0,0,0,,0,,-
0x00429ef0,FUN_00429ef0,real_logic,False,-,9.88,thunk,144,0,0,0,ret,0.45,a0=int;a1=int;a2=int;a3=int,a0=int|a1=int|a2=int|a3=int|ret=ptr,1,1,1,,0,,-
0x0042f100,FUN_0042f100,real_logic,False,-,9.88,thunk,144,0,0,0,ret,0.45,a0=int;a1=int;a2=int;a3=int,a0=int|a1=int|a2=int|a3=int|ret=ptr,1,1,0,0x0042e1f0,0,0x004287e0,upstream
0x00197870,FUN_00197870,real_logic,False,-,9.52,convert,351,0,0,1,ptr,0.75,a0=ptr;a1=ptr;a2=int;a3=w,a0=ptr|a1=Unknown_a1_0|a2=int|a3=int|ret=ptr,0,0,0,,0,,-
0x0042cb00,FUN_0042cb00,real_logic,False,-,9.18,other,309,1,0,0,ptr,0.55,a0=int;a1=int;a2=int;a3=int,a0=int|a1=int|a2=int|a3=int|ret=ptr,0,0,0,,1,,-
0x00432588,FUN_00432588,real_logic,False,-,9.16,other,308,1,0,0,ret,0.45,a0=int;a1=int;a2=int;a3=int,a0=int|a1=int|a2=int|a3=int|ret=ptr,0,0,0,,0,0x003fb210,upstream
0x00429de0,FUN_00429de0,real_logic,False,-,8.96,other,298,1,0,0,ret,0.45,a0=int;a1=int;a2=int;a3=int,a0=int|a1=int|a2=int|a3=int|ret=ptr,0,0,0,,0,0x00428998,upstream
0x0042cd18,FUN_0042cd18,real_logic,False,-,8.96,other,298,1,0,0,ptr,0.60,a0=int;a1=ptr;a2=int;a3=int,a0=int|a1=Unknown_a1_0|a2=int|a3=int|ret=ptr,0,0,0,,0,0x004287e0,upstream
0x0028b3f0,FUN_0028b3f0,real_logic,False,-,8.92,memcmp,446,0,0,0,ptr,0.70,a0=ptr;a1=int;a2=ptr;a3=int,a0=Unknown_a0_0_4_8_10|a1=int|a2=Unknown_a2_0_4_8|a3=int|ret=ptr,0,0,0,,2,,-
0x0042c1c8,FUN_0042c1c8,real_logic,False,-,8.84,other,242,1,0,0,ret,0.45,a0=int;a1=int;a2=int;a3=int,a0=int|a1=int|a2=int|a3=int|ret=ptr,1,1,0,0x0042c098,0,,-
0x0042f638,FUN_0042f638,real_logic,False,-,8.44,thunk,222,0,0,0,ret,0.45,a0=int;a1=int;a2=int;a3=int,a0=int|a1=int|a2=int|a3=int|ret=ptr,1,1,1,,0,,-
0x0045d6f0,FUN_0045d6f0,real_logic,False,-,8.44,setter,172,0,0,2,int,0.55,a0=ptr;a1=ptr;a2=int;a3=-,a0=Unknown_a0_0|a1=Unknown_a1_0|a2=int|ret=int,0,0,0,,0,,
0x0042f130,FUN_0042f130,real_logic,False,-,8.24,struct_op,162,0,0,0,ret,0.45,a0=int;a1=int;a2=int;a3=int,a0=int|a1=int|a2=int|a3=int|ret=ptr,2,2,1,0x003fb8d0,0,0x004287e0,upstream
0x00154d50,FUN_00154d50,real_logic,False,-,7.96,convert,323,0,1,0,ptr,0.65,a0=int;a1=ptr;a2=int;a3=int,a0=int|a1=ptr|a2=int|a3=int|ret=ptr,0,0,0,,1,,-
0x0042ba78,FUN_0042ba78,real_logic,False,-,7.96,thunk,198,0,0,0,ret,0.45,a0=int;a1=int;a2=int;a3=int,a0=int|a1=int|a2=int|a3=int|ret=ptr,1,1,1,,1,0x00429068,upstream
0x00161de0,FUN_00161de0,real_logic,False,-,7.66,other,233,1,0,0,ptr,0.70,a0=ptr;a1=ptr;a2=ptr;a3=int,a0=Unknown_a0_0|a1=Unknown_a1_0_10_14_18|a2=Unknown_a2_0_4_8|a3=int|ret=ptr,0,0,0,,1,,-
0x00430748,FUN_00430748,real_logic,False,-,7.6,other,230,1,0,0,ret,0.45,a0=int;a1=int;a2=int;a3=int,a0=int|a1=int|a2=int|a3=int|ret=ptr,0,0,0,,0,,-
0x0042d3d0,FUN_0042d3d0,real_logic,False,-,7.3,other,215,1,0,0,ret,0.45,a0=int;a1=int;a2=int;a3=int,a0=int|a1=int|a2=int|a3=int|ret=ptr,0,0,0,,1,,-
0x00120750,FUN_00120750,real_logic,False,-,7.28,other,214,1,0,0,void,0.55,a0=ptr;a1=-;a2=-;a3=-,a0=Unknown_a0_0|a1=Unknown_a1_0|a2=Unknown_a2_0|a3=Unknown_a3_20,0,0,0,,4,,-
0x001207c0,FUN_001207c0,real_logic,False,-,7.28,other,214,1,0,0,void,0.55,a0=ptr;a1=-;a2=-;a3=-,a0=Unknown_a0_0|a1=Unknown_a0_38|a2=Unknown_a2_0|a3=ptr,0,0,0,,5,,-
0x00136110,FUN_00136110,real_logic,False,-,7.28,other,214,1,0,0,void,0.60,a0=ptr;a1=w;a2=-;a3=-,a0=ptr|a1=ptr|a2=ptr|a3=int,0,0,0,,3,,-
0x00423d80,FUN_00423d80,real_logic,False,-,7.28,other,214,1,0,0,void,0.60,a0=ptr;a1=int;a2=int;a3=int,a0=ptr|a1=int|a2=int|a3=int,0,0,0,,0,,-
0x00429820,FUN_00429820,real_logic,False,-,7.28,other,214,1,0,0,ptr,0.55,a0=int;a1=int;a2=int;a3=int,a0=int|a1=int|a2=int|a3=int|ret=ptr,0,0,0,,0,,-
0x004298e0,FUN_004298e0,real_logic,False,-,7.28,other,214,1,0,0,ptr,0.55,a0=int;a1=int;a2=int;a3=int,a0=int|a1=int|a2=int|a3=int|ret=ptr,0,0,0,,0,,-
0x00429940,FUN_00429940,real_logic,False,-,7.28,other,214,1,0,0,ptr,0.55,a0=int;a1=int;a2=int;a3=int,a0=int|a1=int|a2=int|a3=int|ret=ptr,0,0,0,,0,,-
0x00429b08,FUN_00429b08,real_logic,False,-,7.28,other,214,1,0,0,ret,0.45,a0=int;a1=int;a2=int;a3=int,a0=int|a1=int|a2=int|a3=int|ret=ptr,0,0,0,,0,0x00428998,upstream
0x00429b80,FUN_00429b80,real_logic,False,-,7.28,other,214,1,0,0,int,0.55,a0=int;a1=int;a2=int;a3=int,a0=int|a1=int|a2=int|a3=int|ret=int,0,0,0,,0,0x00428998,upstream
0x0042acd0,FUN_0042acd0,real_logic,False,-,7.28,other,214,1,0,0,int,0.55,a0=int;a1=int;a2=int;a3=int,a0=int|a1=int|a2=int|a3=int|ret=int,0,0,0,,2,,-
0x0042bb70,FUN_0042bb70,real_logic,False,-,7.28,other,214,1,0,0,ret,0.45,a0=int;a1=int;a2=int;a3=int,a0=int|a1=int|a2=int|a3=int|ret=ptr,0,0,0,,1,,-
0x0042c1e8,FUN_0042c1e8,real_logic,False,-,7.28,other,214,1,0,0,ret,0.45,a0=int;a1=int;a2=int;a3=int,a0=int|a1=int|a2=int|a3=int|ret=ptr,0,0,0,,2,,-
0x0042c238,FUN_0042c238,real_logic,False,-,7.28,other,214,1,0,0,ret,0.45,a0=int;a1=int;a2=int;a3=int,a0=int|a1=int|a2=int|a3=int|ret=ptr,0,0,0,,0,,-
0x0042fb10,FUN_0042fb10,real_logic,False,-,7.28,other,214,1,0,0,ret,0.45,a0=int;a1=int;a2=int;a3=int,a0=int|a1=int|a2=int|a3=int|ret=ptr,0,0,0,,0,,-
0x00431488,FUN_00431488,real_logic,False,-,7.28,other,214,1,0,0,ret,0.45,a0=int;a1=int;a2=int;a3=int,a0=int|a1=int|a2=int|a3=int|ret=ptr,0,0,0,,0,,-
0x0040f030,FUN_0040f030,real_logic,False,-,7.26,convert,288,0,1,0,void,0.45,a0=int;a1=-;a2=int;a3=int,a0=int|a1=int|a2=int|a3=int,0,0,0,,0,,-
0x0033a050,FUN_0033a050,real_logic,False,-,7.2,other,210,1,0,0,void,0.60,a0=ptr;a1=w;a2=w;a3=-,a0=ptr|a1=Unknown_a1_8|a2=int|a3=int,0,0,0,,0,,-
0x00428630,FUN_00428630,real_logic,False,-,6.88,thunk,144,0,0,0,ret,0.45,a0=int;a1=int;a2=int;a3=int,a0=int|a1=int|a2=int|a3=int|ret=ptr,1,1,1,,0,,-
0x00429f10,FUN_00429f10,real_logic,False,-,6.88,thunk,144,0,0,0,ret,0.45,a0=int;a1=int;a2=int;a3=int,a0=int|a1=int|a2=int|a3=int|ret=ptr,1,1,1,,0,,-
0x0042a7f8,FUN_0042a7f8,real_logic,False,-,6.88,thunk,144,0,0,0,ret,0.45,a0=int;a1=int;a2=int;a3=int,a0=int|a1=int|a2=int|a3=int|ret=ptr,1,1,1,,0,,-
0x0042acb0,FUN_0042acb0,real_logic,False,-,6.88,thunk,144,0,0,0,ret,0.50,a0=ptr;a1=int;a2=int;a3=int,a0=ptr|a1=int|a2=int|a3=int|ret=ptr,1,1,1,,0,,-
0x0042bd98,FUN_0042bd98,real_logic,False,-,6.88,thunk,144,0,0,0,ret,0.45,a0=int;a1=int;a2=int;a3=int,a0=int|a1=int|a2=int|a3=int|ret=ptr,1,1,1,,3,0x004287e0,upstream
0x0042d6b0,FUN_0042d6b0,real_logic,False,-,6.88,thunk,144,0,0,0,ret,0.45,a0=int;a1=int;a2=int;a3=int,a0=int|a1=int|a2=int|a3=int|ret=ptr,1,1,1,,0,0x00429068,upstream
0x00433ec0,FUN_00433ec0,real_logic,False,-,6.88,thunk,144,0,0,0,ret,0.45,a0=int;a1=int;a2=int;a3=int,a0=int|a1=int|a2=int|a3=int|ret=ptr,1,1,1,,0,0x00429068,upstream
0x0042bd70,FUN_0042bd70,real_logic,False,-,6.68,thunk,134,0,0,0,int,0.55,a0=int;a1=int;a2=int;a3=int,a0=int|a1=int|a2=int|a3=int|ret=int,1,1,1,,6,0x0042bd70,upstream
0x0016a110,FUN_0016a110,real_logic,False,-,6.62,convert,281,0,0,0,ptr,0.65,a0=ptr;a1=int;a2=int;a3=-,a0=ptr|a1=int|a2=int|a3=int|ret=ptr,0,0,0,,0,,-
0x00540780,FUN_00540780,real_logic,False,-,6.34,setter,317,0,0,0,int,0.55,a0=ptr;a1=ptr;a2=-;a3=-,a0=ptr|a1=Unknown_a1_0|a2=int|a3=int|ret=int,0,0,0,,1,,-
0x00404e80,FUN_00404e80,real_logic,False,-,6.18,memcmp,309,0,0,0,int,0.45,a0=-;a1=-;a2=-;a3=int,a3=int|ret=int,0,0,0,,0,,
0x001238d0,FUN_001238d0,real_logic,False,core/struct,6.16,setter,308,0,0,0,ptr,0.60,a0=ptr;a1=ptr;a2=-;a3=-,a0=Unknown_a0_0_4_8_c|a1=Unknown_a1_0_4_8_c|a2=int|a3=int|ret=ptr,0,0,0,,0,,-
0x001ca130,FUN_001ca130,real_logic,False,core/struct,6.16,setter,308,0,0,0,ptr,0.60,a0=ptr;a1=ptr;a2=-;a3=-,a0=Unknown_a0_0_4_8_c|a1=Unknown_a1_0_4_8_c|a2=ptr|a3=int|ret=ptr,0,0,0,,0,,-
0x001ccb00,FUN_001ccb00,real_logic,False,core/struct,6.16,setter,308,0,0,0,ptr,0.60,a0=ptr;a1=ptr;a2=-;a3=-,a0=Unknown_a0_0_4_8_c|a1=Unknown_a1_0_4_8_c|a2=ptr|a3=ptr|ret=ptr,0,0,0,,1,,-
0x001dbea0,FUN_001dbea0,real_logic,False,core/struct,6.16,setter,308,0,0,0,ptr,0.60,a0=ptr;a1=ptr;a2=-;a3=-,a0=Unknown_a0_0_4_8_c|a1=Unknown_a1_0_4_8_c|a2=ptr|a3=int|ret=ptr,0,0,0,,0,,-
0x001df840,FUN_001df840,real_logic,False,core/struct,6.16,setter,308,0,0,0,ptr,0.60,a0=ptr;a1=ptr;a2=-;a3=-,a0=Unknown_a0_0_4_8_c|a1=Unknown_a1_0_4_8_c|a2=int|a3=int|ret=ptr,0,0,0,,0,,-
0x001dfdb0,FUN_001dfdb0,real_logic,False,core/struct,6.16,setter,308,0,0,0,ptr,0.60,a0=ptr;a1=ptr;a2=-;a3=-,a0=Unknown_a0_0_4_8_c|a1=Unknown_a1_0_4_8_c|a2=int|a3=int|ret=ptr,0,0,0,,0,,-
0x001e0050,FUN_001e0050,real_logic,False,core/struct,6.16,setter,308,0,0,0,ptr,0.60,a0=ptr;a1=ptr;a2=-;a3=-,a0=Unknown_a0_0_4_8_c|a1=Unknown_a1_0_4_8_c|a2=int|a3=int|ret=ptr,0,0,0,,0,,-
0x0042d770,FUN_0042d770,real_logic,False,-,6.16,struct_op,308,0,0,0,int,0.70,a0=ptr;a1=ptr;a2=ptr;a3=int,a0=Unknown_a0_0_8|a1=ptr|a2=ptr|a3=int|ret=int,0,0,0,,4,,-
0x00430000,FUN_00430000,real_logic,False,-,6.16,struct_op,308,0,0,0,ptr,0.70,a0=ptr;a1=int;a2=int;a3=int,a0=Unknown_a0_4_8_c|a1=int|a2=int|a3=int|ret=ptr,0,0,0,,1,,-
0x00431920,FUN_00431920,real_logic,False,-,6.16,struct_op,308,0,0,0,int,0.55,a0=int;a1=int;a2=int;a3=int,a0=int|a1=int|a2=int|a3=int|ret=int,0,0,0,,1,,-
0x0042ae68,FUN_0042ae68,real_logic,False,-,6.08,struct_op,304,0,0,0,ptr,0.55,a0=int;a1=int;a2=int;a3=int,a0=int|a1=int|a2=int|a3=int|ret=ptr,0,0,0,,0,0x00429068,upstream
0x0042c280,FUN_0042c280,real_logic,False,-,5.98,struct_op,299,0,0,0,int,0.65,a0=int;a1=ptr;a2=int;a3=ptr,a0=int|a1=Unknown_a1_0|a2=int|a3=ptr|ret=int,0,0,0,,0,0x00429068,upstream
0x0042c848,FUN_0042c848,real_logic,False,-,5.98,struct_op,299,0,0,0,ret,0.50,a0=int;a1=ptr;a2=int;a3=int,a0=int|a1=ptr|a2=int|a3=int|ret=ptr,0,0,0,,1,0x004287e0,upstream
0x00134ec0,FUN_00134ec0,real_logic,False,-,5.96,memcmp,298,0,0,0,ptr,0.35,a0=-;a1=-;a2=-;a3=-,a0=int|a1=int|a2=int|a3=int|ret=ptr,0,0,0,,3,,-
0x0031c990,FUN_0031c990,real_logic,False,-,5.96,struct_op,298,0,0,0,void,0.50,a0=ptr;a1=int;a2=int;a3=int,a0=ptr|a1=int|a2=int|a3=int,0,0,0,,1,,-
0x001963d0,FUN_001963d0,real_logic,False,-,5.6,convert,280,0,0,0,ptr,0.70,a0=ptr;a1=int;a2=int;a3=int,a0=ptr|a1=int|a2=int|a3=int|ret=ptr,0,0,0,,0,,-
0x0010c820,FUN_0010c820,real_logic,False,-,5.52,convert,276,0,0,0,ptr,0.55,a0=ptr;a1=ptr;a2=int;a3=int,a0=ptr|a1=ptr|a2=int|a3=int|ret=ptr,0,0,0,,0,,
0x003f5b50,FUN_003f5b50,real_logic,False,-,5.5,convert,275,0,0,0,int,0.55,a0=ptr;a1=-;a2=w;a3=w,a0=ptr|a1=int|a2=int|a3=int|ret=int,0,0,0,,0,,-
0x001acde0,FUN_001acde0,real_logic,False,core/struct,5.48,setter,274,0,0,0,ptr,0.60,a0=ptr;a1=ptr;a2=-;a3=-,a0=Unknown_a0_0_4_8_c|a1=Unknown_a1_0_4_8|a2=int|a3=ptr|ret=ptr,0,0,0,,0,,-
0x001b82f0,FUN_001b82f0,real_logic,False,core/struct,5.48,setter,274,0,0,0,ptr,0.60,a0=ptr;a1=ptr;a2=-;a3=-,a0=Unknown_a0_0_4_8_c|a1=Unknown_a1_0_4_8|a2=int|a3=int|ret=ptr,0,0,0,,1,,-
0x001c3470,FUN_001c3470,real_logic,False,core/struct,5.48,setter,274,0,0,0,ptr,0.60,a0=ptr;a1=ptr;a2=-;a3=-,a0=Unknown_a0_0_4_8_c|a1=Unknown_a1_0_4_8|a2=int|a3=int|ret=ptr,0,0,0,,1,,-
0x001cad90,FUN_001cad90,real_logic,False,core/struct,5.48,setter,274,0,0,0,ptr,0.60,a0=ptr;a1=ptr;a2=-;a3=-,a0=Unknown_a0_0_4_8_c|a1=Unknown_a1_0_4_8|a2=int|a3=int|ret=ptr,0,0,0,,2,,-
0x001cf680,FUN_001cf680,real_logic,False,core/struct,5.48,setter,274,0,0,0,ptr,0.60,a0=ptr;a1=ptr;a2=-;a3=-,a0=Unknown_a0_0_4_8_c|a1=Unknown_a1_0_4_8|a2=int|a3=int|ret=ptr,0,0,0,,1,,-
0x001cf6f0,FUN_001cf6f0,real_logic,False,-,5.48,convert,274,0,0,0,ptr,0.70,a0=ptr;a1=ptr;a2=ptr;a3=int,a0=ptr|a1=Unknown_a1_0|a2=Unknown_a2_0|a3=int|ret=ptr,0,0,0,,0,,-
0x0013e950,FUN_0013e950,real_logic,False,-,5.26,predicate,263,0,0,0,ptr,0.55,a0=ptr;a1=int;a2=-;a3=-,a0=Unknown_a0_0_4_8|a1=int|ret=ptr,0,0,0,,0,,
0x0043f5b8,FUN_0043f5b8,real_logic,False,-,5.2,getter,260,0,0,0,ptr,0.50,a0=ptr;a1=int;a2=-;a3=-,a0=ptr|a1=int|a2=int|a3=int|ret=ptr,0,0,0,,1,,-
0x00108ee8,FUN_00108ee8,real_logic,False,-,5.14,thunk,57,0,0,0,void,0.45,a0=int;a1=-;a2=-;a3=-,a0=int|a1=int|a2=int|a3=int,1,1,0,0x00445d90,0,,-
0x002470e0,FUN_002470e0,real_logic,False,-,4.92,struct_op,246,0,0,0,ptr,0.60,a0=ptr;a1=ptr;a2=w;a3=ptr,a0=Unknown_a0_0|a1=ptr|a2=int|a3=Unknown_a3_0|ret=ptr,0,0,0,,1,,-
0x003ee2e0,FUN_003ee2e0,real_logic,False,-,4.92,struct_op,246,0,0,0,void,0.45,a0=int;a1=int;a2=int;a3=int,a0=int|a1=int|a2=int|a3=int,0,0,0,,0,,-
0x003eea70,FUN_003eea70,real_logic,False,-,4.92,struct_op,246,0,0,0,void,0.45,a0=int;a1=int;a2=int;a3=int,a0=int|a1=int|a2=int|a3=int,0,0,0,,0,,-
0x001f4e00,FUN_001f4e00,real_logic,False,-,4.88,struct_op,244,0,0,0,int,0.55,a0=ptr;a1=int;a2=int;a3=int,a0=ptr|a1=int|a2=int|a3=int|ret=int,0,0,0,,0,,-
0x002366c0,FUN_002366c0,real_logic,False,-,4.88,struct_op,244,0,0,0,void,0.50,a0=ptr;a1=int;a2=int;a3=int,a0=ptr|a1=int|a2=int|a3=int,0,0,0,,0,,-
0x003eddf0,FUN_003eddf0,real_logic,False,-,4.88,struct_op,244,0,0,0,void,0.45,a0=int;a1=int;a2=int;a3=int,a0=int|a1=int|a2=int|a3=int,0,0,0,,0,,-
0x003ef2b0,FUN_003ef2b0,real_logic,False,-,4.88,struct_op,244,0,0,0,void,0.45,a0=int;a1=int;a2=int;a3=int,a0=int|a1=int|a2=int|a3=int,0,0,0,,0,,-
0x003ef8c0,FUN_003ef8c0,real_logic,False,-,4.88,struct_op,244,0,0,0,void,0.45,a0=int;a1=int;a2=int;a3=int,a0=int|a1=int|a2=int|a3=int,0,0,0,,0,,-
0x003efc30,FUN_003efc30,real_logic,False,-,4.88,struct_op,244,0,0,0,void,0.45,a0=int;a1=int;a2=int;a3=int,a0=int|a1=int|a2=int|a3=int,0,0,0,,0,,-
0x003f00a0,FUN_003f00a0,real_logic,False,-,4.88,struct_op,244,0,0,0,void,0.45,a0=int;a1=int;a2=int;a3=int,a0=int|a1=int|a2=int|a3=int,0,0,0,,0,,-
0x003f0810,FUN_003f0810,real_logic,False,-,4.88,struct_op,244,0,0,0,void,0.45,a0=int;a1=int;a2=int;a3=int,a0=int|a1=int|a2=int|a3=int,0,0,0,,0,,-
0x003f0d60,FUN_003f0d60,real_logic,False,-,4.88,struct_op,244,0,0,0,void,0.45,a0=int;a1=int;a2=int;a3=int,a0=int|a1=int|a2=int|a3=int,0,0,0,,0,,-
0x003f1430,FUN_003f1430,real_logic,False,-,4.88,struct_op,244,0,0,0,void,0.45,a0=int;a1=int;a2=int;a3=int,a0=int|a1=int|a2=int|a3=int,0,0,0,,0,,-
0x0042bde0,FUN_0042bde0,real_logic,False,-,4.88,struct_op,244,0,0,0,int,0.55,a0=int;a1=int;a2=int;a3=int,a0=int|a1=int|a2=int|a3=int|ret=int,0,0,0,,2,,-
0x0042f158,FUN_0042f158,real_logic,False,-,4.88,struct_op,244,0,0,0,ptr,0.55,a0=int;a1=int;a2=int;a3=int,a0=int|a1=int|a2=int|a3=int|ret=ptr,0,0,0,,0,,-
0x0042fd98,FUN_0042fd98,real_logic,False,-,4.88,struct_op,244,0,0,0,ptr,0.55,a0=int;a1=int;a2=int;a3=int,a0=int|a1=int|a2=int|a3=int|ret=ptr,0,0,0,,0,,-
0x0058ab30,FUN_0058ab30,real_logic,False,-,4.88,struct_op,244,0,0,0,ptr,0.60,a0=ptr;a1=ptr;a2=w;a3=int,a0=Unknown_a0_0_4_8_c_10_14_18_1c_20_24_28_2c_30_34_38_3c|a1=Unknown_a1_0_4_8_c_10_14_18_1c_20_24_28_2c_30_34_38_3c|a2=int|a3=int|ret=ptr,0,0,0,,1,,-
0x003bff30,FUN_003bff30,real_logic,False,-,4.86,struct_op,243,0,0,0,void,0.60,a0=ptr;a1=int;a2=int;a3=int,a0=ptr|a1=int|a2=int|a3=int,0,0,0,,0,,-
0x0040b3e0,FUN_0040b3e0,real_logic,False,-,4.86,struct_op,243,0,0,0,int,0.45,a0=int;a1=int;a2=int;a3=int,a0=int|a1=int|a2=int|a3=int|ret=int,0,0,0,,0,,-
0x0042cfe0,FUN_0042cfe0,real_logic,False,-,4.86,struct_op,243,0,0,0,ptr,0.55,a0=int;a1=int;a2=int;a3=int,a0=int|a1=int|a2=int|a3=int|ret=ptr,0,0,0,,0,,-
0x0042f750,FUN_0042f750,real_logic,False,-,4.86,struct_op,243,0,0,0,ptr,0.60,a0=int;a1=int;a2=int;a3=int,a0=int|a1=int|a2=int|a3=int|ret=ptr,0,0,0,,0,,-
0x0044fcb0,FUN_0044fcb0,real_logic,False,-,4.86,struct_op,243,0,0,0,int,0.75,a0=ptr;a1=ptr;a2=ptr;a3=w,a0=ptr|a1=ptr|a2=ptr|a3=ptr|ret=int,0,0,0,,0,,-
0x00551a70,FUN_00551a70,real_logic,False,-,4.44,memcmp,222,0,0,0,ptr,0.50,a0=ptr;a1=-;a2=-;a3=-,a0=Unknown_a0_8|ret=ptr,0,0,0,,0,,
0x004285f0,FUN_004285f0,real_logic,False,-,4.3,struct_op,65,0,0,0,void,0.35,a0=-;a1=-;a2=-;a3=-,a0=ptr|a1=int|a2=int|a3=int,0,0,0,,0,,-
0x0042ce18,FUN_0042ce18,real_logic,False,-,4.3,struct_op,215,0,0,0,ret,0.50,a0=ptr;a1=int;a2=int;a3=int,a0=Unknown_a0_0_4|a1=int|a2=int|a3=int|ret=ptr,0,0,0,,0,,-
0x0043cb00,FUN_0043cb00,real_logic,False,core/struct,4.06,struct_op,53,0,0,0,void,0.35,a0=-;a1=-;a2=-;a3=-,a0=Unknown_a1_c|a1=Unknown_a1_c|a2=ptr|a3=ptr,0,0,0,,6,,-
0x0042bdb8,FUN_0042bdb8,real_logic,False,-,3.88,thunk,144,0,0,0,ret,0.45,a0=int;a1=int;a2=int;a3=int,a0=int|a1=int|a2=int|a3=int|ret=ptr,1,1,0,0x004318c0,3,,-
0x00432e90,FUN_00432e90,real_logic,False,-,3.88,thunk,144,0,0,0,ret,0.50,a0=ptr;a1=int;a2=int;a3=int,a0=Unknown_a0_e|a1=int|a2=int|a3=int|ret=ptr,1,1,0,0x00432eb8,0,,-
0x0016b030,FUN_0016b030,real_logic,False,-,3.86,convert,193,0,0,0,ptr,0.60,a0=ptr;a1=int;a2=int;a3=int,a0=ptr|a1=int|a2=int|a3=int|ret=ptr,0,0,0,,0,,-
0x0019a560,FUN_0019a560,real_logic,False,-,3.44,convert,172,0,0,0,void,0.55,a0=ptr;a1=int;a2=int;a3=int,a0=ptr|a1=int|a2=int|a3=int,0,0,0,,0,,-
0x00115430,FUN_00115430,real_logic,False,-,3.34,convert,167,0,0,0,ptr,0.50,a0=ptr;a1=-;a2=-;a3=-,a0=Unknown_a0_1944|a1=int|a2=int|a3=int|ret=ptr,0,0,0,,0,,-
0x00114cf0,FUN_00114cf0,real_logic,False,-,2.52,struct_op,126,0,0,0,void,0.45,a0=int;a1=-;a2=-;a3=-,a0=int|a1=int|a2=int|a3=int,0,0,0,,1,,-
0x00195cd0,FUN_00195cd0,real_logic,False,-,2.52,convert,126,0,0,0,void,0.50,a0=ptr;a1=-;a2=-;a3=-,a0=Unknown_a0_4ec|a1=Unknown_a1_0_4_8|a2=int|a3=int,0,0,0,,0,,-
0x0053fd80,FUN_0053fd80,real_logic,False,core/struct,2.34,getter,117,0,0,0,ptr,0.50,a0=ptr;a1=-;a2=-;a3=-,a0=Unknown_a0_8|a1=int|a2=int|a3=int|ret=ptr,0,0,0,,1,,-
0x0023e070,FUN_0023e070,real_logic,False,-,2.22,convert,111,0,0,0,void,0.35,a0=-;a1=-;a2=-;a3=-,a0=Unknown_a1_0_4|a1=Unknown_a1_0_4_8|a2=int|a3=int,0,0,0,,12,,-
0x00337690,FUN_00337690,real_logic,False,-,2.14,thunk,57,0,0,0,ptr,0.80,a0=ptr;a1=ptr;a2=int;a3=int,a0=Unknown_a0_14_64|a1=ptr|a2=int|a3=int|ret=ptr,1,1,0,0x00380e80,1,0x00429068,upstream
0x0018ddc0,FUN_0018ddc0,real_logic,False,-,1.68,getter,84,0,0,0,void,0.35,a0=-;a1=-;a2=-;a3=-,a0=ptr|a1=int|a2=int|a3=int,0,0,0,,0,,-
0x0040a820,FUN_0040a820,real_logic,False,-,1.6,struct_op,80,0,0,0,void,0.35,a0=-;a1=-;a2=-;a3=-,a0=int|a1=int|a2=int|a3=int,0,0,0,,0,,-
0x004238c0,FUN_004238c0,real_logic,False,-,1.44,getter,72,0,0,0,ptr,0.45,a0=w;a1=-;a2=-;a3=-,a0=int|a1=int|a2=int|a3=int|ret=ptr,0,0,0,,0,,-
0x00363b70,FUN_00363b70,real_logic,False,-,1.12,struct_op,56,0,0,0,ptr,0.35,a0=-;a1=-;a2=-;a3=-,a0=int|a1=int|a2=int|a3=int|ret=ptr,0,0,0,,0,,-
0x00115460,FUN_00115460,real_logic,False,-,1.06,struct_op,53,0,0,0,void,0.35,a0=-;a1=-;a2=-;a3=-,a0=Unknown_a0_1944|a1=int|a2=int|a3=int,0,0,0,,0,,-
0x004450e0,FUN_004450e0,real_logic,False,core/struct,1.06,struct_op,53,0,0,0,void,0.35,a0=-;a1=-;a2=-;a3=-,a0=int|a1=int|a2=int|a3=int,0,0,0,,0,,-
0x0022ade0,FUN_0022ade0,real_c,True,ui/layout,156.0,,4004,0,0,0,ptr,0.55,a0=int;a1=ptr;a2=w;a3=-,a0=int|a1=Unknown_a1_18|a2=ptr|a3=int|ret=ptr,0,0,0,,0,,-
0x00381030,FUN_00381030,real_c,True,math/matrix,140.36,,1768,35,0,0,ptr,0.70,a0=ptr;a1=ptr;a2=ptr;a3=int,a0=ptr|a1=Unknown_a1_0_4_8_c_10_14_18_1c_20|a2=ptr|a3=int|ret=ptr,0,0,0,,1,,-
0x0022d1a0,FUN_0022d1a0,real_c,True,ui/layout,120.6,,3280,0,0,0,void,0.60,a0=ptr;a1=ptr;a2=int;a3=w,a0=Unknown_a0_0_4_8|a1=Unknown_a1_18|a2=int|a3=int,0,0,0,,1,,-
0x002304a0,FUN_002304a0,real_c,True,ui/layout,120.34,,3267,0,0,0,void,0.55,a0=ptr;a1=w;a2=int;a3=w,a0=Unknown_a0_0_4_8|a1=int|a2=int|a3=ptr,0,0,0,,1,,-
0x003a0730,FUN_003a0730,real_c,True,math/matrix,110.86,,3568,0,13,0,ptr,0.65,a0=ptr;a1=int;a2=ptr;a3=ptr,a0=Unknown_a0_0|a1=int|a2=Unknown_a2_0_4|a3=Unknown_a3_0|ret=ptr,0,0,0,,0,,-
0x003a09f0,FUN_003a09f0,real_c,True,math/matrix,110.4,,3545,0,13,0,ptr,0.65,a0=ptr;a1=int;a2=ptr;a3=ptr,a0=Unknown_a0_0|a1=int|a2=Unknown_a2_0_4|a3=Unknown_a3_0|ret=ptr,0,0,0,,0,,-
0x004518d0,FUN_004518d0,real_c,True,gfx/image,105.5,,18266,0,17,0,void,0.70,a0=ptr;a1=ptr;a2=ptr;a3=ptr,a0=Unknown_a0_0_8_9|a1=ptr|a2=Unknown_a2_0|a3=Unknown_a3_0,0,0,0,,0,,-
0x003f6b20,FUN_003f6b20,real_c,True,math/quat,104.38,,1169,27,0,0,ptr,0.55,a0=ptr;a1=int;a2=-;a3=-,a0=Unknown_a0_0_10_20|a1=int|a2=Unknown_a2_0_10|a3=int|ret=ptr,0,0,0,,1,,-
0x003f6840,FUN_003f6840,real_c,True,math/quat,83.38,,1019,21,0,0,ptr,0.55,a0=ptr;a1=int;a2=-;a3=-,a0=ptr|a1=int|a2=Unknown_a2_18|a3=int|ret=ptr,0,0,0,,4,,-
0x00365d80,FUN_00365d80,real_c,True,math/vu0,79.28,,2539,9,1,0,ptr,0.60,a0=ptr;a1=int;a2=int;a3=int,a0=ptr|a1=int|a2=int|a3=int|ret=ptr,0,0,0,,2,,-
0x0058dea0,FUN_0058dea0,real_c,True,gfx/color,76.88,,1494,0,0,0,void,0.55,a0=ptr;a1=int;a2=int;a3=-,a0=Unknown_a0_0_4_8_c|a1=int|a2=int|a3=int,0,0,0,,0,,-
0x0042a818,FUN_0042a818,real_c,True,game/script,60.14,,1907,1,0,0,int,0.55,a0=int;a1=int;a2=int;a3=int,a0=int|a1=int|a2=int|a3=int|ret=int,4,4,4,,0,,-
0x00534b60,FUN_00534b60,real_c,True,core/mem,59.44,,2422,0,4,2,void,0.60,a0=ptr;a1=ptr;a2=int;a3=ptr,a0=Unknown_a0_0|a1=ptr|a2=int|a3=Unknown_a3_0,0,0,0,,0,,
0x001a1bd0,FUN_001a1bd0,real_c,True,game/ranking,44.02,,1726,0,5,0,void,0.60,a0=ptr;a1=int;a2=int;a3=ptr,a0=Unknown_a0_8|a1=int|a2=int|a3=Unknown_a3_0,0,0,0,,0,,
0x0010e780,FUN_0010e780,real_c,True,core/bitstream,43.9,,2045,0,2,0,void,0.65,a0=ptr;a1=int;a2=ptr;a3=int,a0=Unknown_a0_0_4_8_10|a1=int|a2=Unknown_a2_c|a3=int,0,0,0,,11,,-
0x0010ee50,FUN_0010ee50,real_c,True,core/bitstream,43.9,,2045,0,2,0,ptr,0.65,a0=ptr;a1=ptr;a2=int;a3=int,a0=Unknown_a0_0_4_c_10|a1=Unknown_a1_c|a2=int|a3=int|ret=ptr,0,0,0,,4,,-
0x003955c0,FUN_003955c0,real_c,True,math/matrix,40.28,,664,9,0,0,ptr,0.60,a0=ptr;a1=-;a2=-;a3=-,a0=Unknown_a0_1f0|ret=ptr,0,0,0,,0,,
0x003ae0e0,FUN_003ae0e0,real_c,True,math/spline,39.22,,1261,0,0,0,ptr,0.65,a0=ptr;a1=int;a2=int;a3=int,a0=ptr|a1=int|a2=int|a3=int|ret=ptr,0,0,0,,1,,-
0x0035bc40,FUN_0035bc40,real_c,True,math/matrix,39.1,,605,9,0,0,ptr,0.55,a0=ptr;a1=-;a2=-;a3=-,a0=Unknown_a0_0|a1=int|a2=int|a3=Unknown_a3_20|ret=ptr,0,0,0,,6,,-
0x0042a4e0,FUN_0042a4e0,real_c,True,game/script,38.96,,1398,1,0,0,ptr,0.55,a0=int;a1=int;a2=int;a3=int,a0=int|a1=int|a2=int|a3=int|ret=ptr,2,2,2,,0,,-
0x004f9eb0,FUN_004f9eb0,real_c,True,core/bitstream,37.82,,1291,0,3,3,void,0.70,a0=ptr;a1=ptr;a2=int;a3=ptr,a0=Unknown_a0_0|a1=ptr|a2=int|a3=Unknown_a3_0,0,0,0,,0,,
0x0042a680,FUN_0042a680,real_c,True,game/script,37.4,,1170,0,0,0,int,0.55,a0=int;a1=int;a2=int;a3=int,a0=int|a1=int|a2=int|a3=int|ret=int,2,2,2,,0,,-
0x00432fc0,FUN_00432fc0,real_c,True,core/strings,37.08,,1154,0,2,0,ret,0.55,a0=int;a1=ptr;a2=ptr;a3=int,a0=int|a1=ptr|a2=ptr|a3=int|ret=ptr,2,2,2,,3,0x00429068,upstream
0x0042bc88,FUN_0042bc88,real_c,True,game/script,35.6,,1230,1,0,0,int,0.55,a0=int;a1=int;a2=int;a3=int,a0=int|a1=int|a2=int|a3=int|ret=int,2,2,2,,0,,-
0x0042f660,FUN_0042f660,real_c,True,core/strings,35.28,,1314,0,4,0,void,0.60,a0=int;a1=int;a2=ptr;a3=-,a0=int|a1=int|a2=Unknown_a2_0|a3=int,0,0,0,,0,,-
0x004311f0,FUN_004311f0,real_c,True,core/mem,34.54,,677,0,2,6,ptr,0.45,a0=int;a1=w;a2=int;a3=int,a0=int|a1=int|a2=int|a3=int|ret=ptr,0,0,0,,0,,-
0x00190370,FUN_00190370,real_c,True,math/matrix,32.92,,596,7,0,0,void,0.55,a0=ptr;a1=int;a2=int;a3=-,a0=ptr|a1=int|a2=int|a3=int,0,0,0,,2,,-
0x003472f0,FUN_003472f0,real_c,True,math/matrix,31.48,,524,7,0,0,ptr,0.55,a0=ptr;a1=-;a2=-;a3=-,a0=Unknown_a0_0|a1=int|a2=int|a3=int|ret=ptr,0,0,0,,3,,-
0x0035c3f0,FUN_0035c3f0,real_c,True,math/matrix,31.48,,524,7,0,0,ptr,0.55,a0=ptr;a1=-;a2=-;a3=-,a0=Unknown_a0_0|a1=ptr|a2=Unknown_a2_0|a3=ptr|ret=ptr,0,0,0,,1,,-
0x00394050,FUN_00394050,real_c,True,math/matrix,31.48,,524,7,0,0,ptr,0.55,a0=ptr;a1=-;a2=-;a3=-,a0=Unknown_a0_0|a1=ptr|a2=int|a3=int|ret=ptr,0,0,0,,0,,-
0x0019e150,FUN_0019e150,real_c,True,game/tuning,25.68,,784,0,0,0,ptr,0.70,a0=ptr;a1=int;a2=int;a3=-,a0=ptr|a1=int|a2=int|a3=ptr|ret=ptr,0,0,0,,0,,-
0x001b6340,FUN_001b6340,real_c,True,math/quat,20.96,,598,3,0,0,ptr,0.80,a0=ptr;a1=ptr;a2=ptr;a3=w,a0=ptr|a1=Unknown_a1_0|a2=Unknown_a2_0_4_8|a3=int|ret=ptr,0,0,0,,2,,-
0x00432818,FUN_00432818,real_c,True,core/strings,20.42,,746,0,1,0,ret,0.50,a0=int;a1=ptr;a2=int;a3=int,a0=int|a1=Unknown_a1_0|a2=int|a3=int|ret=ptr,1,1,1,,1,,-
0x0042ac48,FUN_0042ac48,real_c,True,game/script,19.28,,464,1,0,0,int,0.55,a0=int;a1=int;a2=int;a3=int,a0=int|a1=int|a2=int|a3=int|ret=int,1,1,1,,0,,-
0x0019f7f0,FUN_0019f7f0,real_c,True,game/tuning,18.68,,534,0,0,0,ptr,0.70,a0=ptr;a1=int;a2=int;a3=-,a0=Unknown_a0_0_10_2c_38_3c_44_60_80_94_1b0|a1=int|a2=int|a3=ptr|ret=ptr,0,0,0,,0,,-
0x0019ea30,FUN_0019ea30,real_c,True,game/tuning,18.64,,532,0,0,0,ptr,0.70,a0=ptr;a1=int;a2=int;a3=-,a0=Unknown_a0_0_10_2c_38_3c_44_60_80_94_1b0|a1=int|a2=int|a3=ptr|ret=ptr,0,0,0,,0,,-
0x00428b18,FUN_00428b18,real_c,True,core/strings,17.96,,473,1,1,0,ret,0.55,a0=ptr;a1=int;a2=int;a3=int,a0=ptr|a1=int|a2=int|a3=int|ret=ptr,1,1,1,,4,0x00428f48,upstream
0x0012bda0,FUN_0012bda0,real_c,True,physics/collision,17.46,,873,0,0,0,int,0.45,a0=int;a1=int;a2=int;a3=-,a0=int|a1=int|a2=int|a3=Unknown_a0_0_4_8_10_28_2c_64|ret=int,0,0,0,,3,,-
0x004327a0,FUN_004327a0,real_c,True,core/strings,17.44,,572,0,2,0,ptr,0.55,a0=int;a1=ptr;a2=int;a3=ptr,a0=int|a1=Unknown_a1_0|a2=int|a3=Unknown_a3_0|ret=ptr,0,0,0,,2,,-
0x0011e790,FUN_0011e790,real_c,True,game/entity,17.36,,868,0,0,0,void,0.50,a0=ptr;a1=int;a2=int;a3=-,a0=ptr|a1=int|a2=int|a3=int,0,0,0,,0,,-
0x00195820,FUN_00195820,real_c,True,game/kart,16.34,,417,0,0,0,void,0.70,a0=ptr;a1=w;a2=int;a3=-,a0=ptr|a1=int|a2=int|a3=int,0,0,0,,0,,-
0x001c3910,FUN_001c3910,real_c,True,core/struct,16.24,,562,0,0,2,ptr,0.60,a0=ptr;a1=int;a2=ptr;a3=int,a0=ptr|a1=int|a2=ptr|a3=int|ret=ptr,0,0,0,,2,,-
0x003803c0,FUN_003803c0,real_c,True,core/containers,15.42,,771,0,0,0,void,0.70,a0=ptr;a1=ptr;a2=ptr;a3=int,a0=Unknown_a0_0_8_10|a1=Unknown_a1_0_8_10|a2=Unknown_a2_0|a3=int,0,0,0,,0,,-
0x00380560,FUN_00380560,real_c,True,core/containers,15.42,,771,0,0,0,void,0.70,a0=ptr;a1=ptr;a2=ptr;a3=int,a0=Unknown_a0_0_8_10|a1=Unknown_a1_0_8_10|a2=Unknown_a2_0|a3=int,0,0,0,,0,,-
0x0019f130,FUN_0019f130,real_c,True,game/tuning,14.82,,391,0,0,0,ptr,0.70,a0=ptr;a1=int;a2=-;a3=-,a0=ptr|a1=int|a2=ptr|a3=ptr|ret=ptr,0,0,0,,0,,-
0x00405d20,FUN_00405d20,real_c,True,core/containers,14.26,,638,0,1,0,void,0.55,a0=ptr;a1=int;a2=int;a3=ptr,a0=Unknown_a0_0|a1=int|a2=int|a3=Unknown_a3_0,0,0,0,,0,,-
0x00407550,FUN_00407550,real_c,True,core/containers,14.26,,638,0,1,0,void,0.55,a0=ptr;a1=int;a2=int;a3=ptr,a0=Unknown_a0_0|a1=int|a2=int|a3=Unknown_a3_0,0,0,0,,4,,-
0x001071e0,FUN_001071e0,real_c,True,core/mem,13.62,,681,0,0,0,void,0.60,a0=ptr;a1=ptr;a2=int;a3=int,a0=Unknown_a0_0_4_8_c_10_14_18_1c_20_24_28_2c_30_34_38_3c|a1=Unknown_a1_0_4_8_c_10_14_18_1c_20_24_28_2c_30_34_38_3c|a2=int|a3=int,0,0,0,,20,0x001071e0,upstream
0x006588a0,FUN_006588a0,real_c,True,sys/boot,13.24,,587,0,1,0,ptr,0.45,a0=int;a1=int;a2=int;a3=int,a0=int|a1=int|a2=int|a3=int|ret=ptr,0,0,0,,0,,
0x00165e70,FUN_00165e70,real_c,True,core/struct,13.06,,653,0,0,0,ptr,0.70,a0=ptr;a1=ptr;a2=int;a3=int,a0=ptr|a1=Unknown_a1_0|a2=int|a3=int|ret=ptr,0,0,0,,1,,-
0x00405dc0,FUN_00405dc0,real_c,True,core/containers,12.84,,567,0,1,0,void,0.55,a0=ptr;a1=int;a2=int;a3=ptr,a0=Unknown_a0_0|a1=int|a2=int|a3=Unknown_a3_0,0,0,0,,0,,-
0x004075f0,FUN_004075f0,real_c,True,core/containers,12.84,,567,0,1,0,void,0.55,a0=ptr;a1=int;a2=int;a3=ptr,a0=Unknown_a0_0|a1=int|a2=int|a3=Unknown_a3_0,0,0,0,,3,,-
0x00428f48,FUN_00428f48,real_c,True,core/strings,12.68,,409,0,1,0,ptr,0.60,a0=int;a1=ptr;a2=ptr;a3=int,a0=int|a1=ptr|a2=Unknown_a2_0_10|a3=int|ret=ptr,0,0,0,,6,0x00428f48,upstream
0x00428c50,FUN_00428c50,real_c,True,core/strings,12.44,,547,0,1,0,ptr,0.55,a0=ptr;a1=int;a2=int;a3=-,a0=ptr|a1=int|a2=int|a3=int|ret=ptr,0,0,0,,6,,-
0x0026e060,FUN_0026e060,real_c,True,engine/objects,11.96,,473,0,0,1,ptr,0.65,a0=ptr;a1=int;a2=int;a3=int,a0=Unknown_a0_0_4_8_c_10|a1=int|a2=int|a3=int|ret=ptr,0,0,0,,6,,-
0x0026e1a0,FUN_0026e1a0,real_c,True,engine/objects,11.96,,473,0,0,1,ptr,0.65,a0=ptr;a1=int;a2=int;a3=int,a0=Unknown_a0_0_4_8_c_10|a1=int|a2=int|a3=int|ret=ptr,0,0,0,,0,,-
0x0026e2e0,FUN_0026e2e0,real_c,True,engine/objects,11.96,,473,0,0,1,ptr,0.65,a0=ptr;a1=int;a2=int;a3=int,a0=Unknown_a0_0_4_8_c_10|a1=int|a2=int|a3=int|ret=ptr,0,0,0,,0,,-
0x0026e420,FUN_0026e420,real_c,True,engine/objects,11.96,,473,0,0,1,ptr,0.65,a0=ptr;a1=int;a2=int;a3=int,a0=Unknown_a0_0_4_8_c_10|a1=int|a2=int|a3=int|ret=ptr,0,0,0,,0,,-
0x0026d960,FUN_0026d960,real_c,True,engine/objects,11.64,,457,0,0,1,ptr,0.65,a0=ptr;a1=int;a2=int;a3=int,a0=Unknown_a0_0_4_8_c_10_14|a1=int|a2=int|a3=int|ret=ptr,0,0,0,,2,,-
0x001a1800,FUN_001a1800,real_c,True,game/kart,11.12,,456,0,0,0,ptr,0.70,a0=ptr;a1=ptr;a2=int;a3=int,a0=ptr|a1=ptr|a2=int|a3=int|ret=ptr,0,0,0,,0,,-
0x005ec0a0,FUN_005ec0a0,real_c,True,core/containers,10.04,,427,0,1,0,ptr,0.60,a0=ptr;a1=int;a2=int;a3=int,a0=Unknown_a0_0_8_10|a1=int|a2=int|a3=int|ret=ptr,0,0,0,,1,,-
0x005ed330,FUN_005ed330,real_c,True,core/containers,10.04,,427,0,1,0,ptr,0.60,a0=ptr;a1=int;a2=int;a3=int,a0=Unknown_a0_0_8_10|a1=int|a2=int|a3=int|ret=ptr,0,0,0,,0,,
0x003ec660,FUN_003ec660,real_c,True,core/containers,9.74,,412,0,1,0,ptr,0.50,a0=ptr;a1=-;a2=int;a3=-,a0=Unknown_a0_0_4|a1=Unknown_a1_0_4_8_f|a2=int|a3=int|ret=ptr,0,0,0,,3,,-
0x0058d7c0,FUN_0058d7c0,real_c,True,math/vec,9.6,,280,0,0,0,void,0.65,a0=ptr;a1=ptr;a2=ptr;a3=-,a0=Unknown_a0_0_4|a1=Unknown_a1_0_4_8|a2=Unknown_a2_0_4_8|a3=ptr,0,0,0,,4,,-
0x00530080,FUN_00530080,real_c,True,core/endian,7.24,,362,0,0,0,void,0.50,a0=ptr;a1=-;a2=-;a3=-,a0=ptr|a1=int|a2=int|a3=int,0,0,0,,1,,-
0x0015ba30,FUN_0015ba30,real_c,True,math/vec,5.48,,274,0,0,0,ptr,0.60,a0=ptr;a1=ptr;a2=-;a3=-,a0=Unknown_a0_0_4_8_c|a1=Unknown_a1_0_4_8|a2=int|a3=int|ret=ptr,0,0,0,,1,,-
0x00530050,FUN_00530050,real_c,True,core/endian,3.62,,181,0,0,0,void,0.50,a0=ptr;a1=-;a2=-;a3=-,a0=Unknown_a0_0_1|a1=int|a2=int|a3=int,0,0,0,,1,,-
