address,name,score,leaf,asm,sheet,body,REV
0x0045d6f0,FUN_0045d6f0,8.44,setter,1,1,1,1
0x00114cf0,FUN_00114cf0,2.52,struct_op,1,1,1,1
0x004238c0,FUN_004238c0,1.44,getter,1,1,1,1
0x00363b70,FUN_00363b70,1.12,struct_op,1,1,1,1
0x0022ade0,FUN_0022ade0,156.0,,1,1,,
0x00381030,FUN_00381030,140.36,,1,1,,
0x0022d1a0,FUN_0022d1a0,120.6,,1,1,,
0x002304a0,FUN_002304a0,120.34,,1,1,,
0x003a0730,FUN_003a0730,110.86,,1,1,,
0x003a09f0,FUN_003a09f0,110.4,,1,1,,
0x004518d0,FUN_004518d0,105.5,,1,1,,
0x003f6b20,FUN_003f6b20,104.38,,1,1,,
0x003f6840,FUN_003f6840,83.38,,1,1,,
0x00365d80,FUN_00365d80,79.28,,1,1,,
0x0058dea0,FUN_0058dea0,76.88,,1,1,,
0x0042a818,FUN_0042a818,60.14,,1,1,,
0x00534b60,FUN_00534b60,59.44,,1,1,,
0x001a1bd0,FUN_001a1bd0,44.02,,1,1,,
0x0010e780,FUN_0010e780,43.9,,1,1,,
0x0010ee50,FUN_0010ee50,43.9,,1,1,,
0x003955c0,FUN_003955c0,40.28,,1,1,,
0x003ae0e0,FUN_003ae0e0,39.22,,1,1,,
0x0035bc40,FUN_0035bc40,39.1,,1,1,,
0x0042a4e0,FUN_0042a4e0,38.96,,1,1,,
0x004f9eb0,FUN_004f9eb0,37.82,,1,1,,
0x0042a680,FUN_0042a680,37.4,,1,1,,
0x00432fc0,FUN_00432fc0,37.08,,1,1,,
0x0042bc88,FUN_0042bc88,35.6,,1,1,,
0x0042f660,FUN_0042f660,35.28,,1,1,,
0x004311f0,FUN_004311f0,34.54,,1,1,,
0x00190370,FUN_00190370,32.92,,1,1,,
0x003472f0,FUN_003472f0,31.48,,1,1,,
0x0035c3f0,FUN_0035c3f0,31.48,,1,1,,
0x00394050,FUN_00394050,31.48,,1,1,,
0x0019e150,FUN_0019e150,25.68,,1,1,,
0x001b6340,FUN_001b6340,20.96,,1,1,,
0x00432818,FUN_00432818,20.42,,1,1,,
0x0042ac48,FUN_0042ac48,19.28,,1,1,,
0x00120720,FUN_00120720,19.26,other,1,1,1,
0x0019f7f0,FUN_0019f7f0,18.68,,1,1,,
0x0019ea30,FUN_0019ea30,18.64,,1,1,,
0x004299a0,FUN_004299a0,18.16,other,1,1,1,
0x00428b18,FUN_00428b18,17.96,,1,1,,
0x004312a0,FUN_004312a0,17.88,struct_op,1,1,1,
0x0012bda0,FUN_0012bda0,17.46,,1,1,,
0x004327a0,FUN_004327a0,17.44,,1,1,,
0x0011e790,FUN_0011e790,17.36,,1,1,,
0x00195820,FUN_00195820,16.34,,1,1,,
0x00429c60,FUN_00429c60,16.28,other,1,1,1,
0x001c3910,FUN_001c3910,16.24,,1,1,,
0x0034bb20,FUN_0034bb20,15.92,other,1,1,1,
0x0036d630,FUN_0036d630,15.92,other,1,1,1,
0x001206f0,FUN_001206f0,15.7,other,1,1,1,
0x003803c0,FUN_003803c0,15.42,,1,1,,
0x00380560,FUN_00380560,15.42,,1,1,,
0x0019f130,FUN_0019f130,14.82,,1,1,,
0x0042a980,FUN_0042a980,14.3,other,1,1,1,
0x00405d20,FUN_00405d20,14.26,,1,1,,
0x00407550,FUN_00407550,14.26,,1,1,,
0x00157070,FUN_00157070,14.24,memcmp,1,1,1,
0x001574a0,FUN_001574a0,14.24,memcmp,1,1,1,
0x0042c620,FUN_0042c620,13.88,thunk,1,1,1,
0x0042cac8,FUN_0042cac8,13.78,other,1,1,1,
0x001071e0,FUN_001071e0,13.62,,1,1,,
0x006588a0,FUN_006588a0,13.24,,1,1,,
0x0042d708,FUN_0042d708,13.2,other,1,1,1,
0x00165e70,FUN_00165e70,13.06,,1,1,,
0x00431390,FUN_00431390,12.88,struct_op,1,1,1,
0x00405dc0,FUN_00405dc0,12.84,,1,1,,
0x004075f0,FUN_004075f0,12.84,,1,1,,
0x00428f48,FUN_00428f48,12.68,,1,1,,
0x00433ef0,FUN_00433ef0,12.48,struct_op,1,1,1,
0x00428c50,FUN_00428c50,12.44,,1,1,,
0x0026e060,FUN_0026e060,11.96,,1,1,,
0x0026e1a0,FUN_0026e1a0,11.96,,1,1,,
0x0026e2e0,FUN_0026e2e0,11.96,,1,1,,
0x0026e420,FUN_0026e420,11.96,,1,1,,
0x0042ab60,FUN_0042ab60,11.84,other,1,1,1,
0x0042d680,FUN_0042d680,11.84,other,1,1,1,
0x0026d960,FUN_0026d960,11.64,,1,1,,
0x00365450,FUN_00365450,11.28,other,1,1,1,
0x001a1800,FUN_001a1800,11.12,,1,1,,
0x00433090,FUN_00433090,11.12,struct_op,1,1,1,
0x00157010,FUN_00157010,10.94,memcmp,1,1,1,
0x00157440,FUN_00157440,10.94,memcmp,1,1,1,
0x0042a5e8,FUN_0042a5e8,10.86,struct_op,1,1,1,
0x0019d330,FUN_0019d330,10.84,setter,1,1,1,
0x00429708,FUN_00429708,10.28,other,1,1,1,
0x00429760,FUN_00429760,10.28,other,1,1,1,
0x004297c0,FUN_004297c0,10.28,other,1,1,1,
0x00429880,FUN_00429880,10.28,other,1,1,1,
0x0042c5c0,FUN_0042c5c0,10.28,other,1,1,1,
0x0042c660,FUN_0042c660,10.28,other,1,1,1,
0x0042bfa8,FUN_0042bfa8,10.26,other,1,1,1,
0x0042c740,FUN_0042c740,10.26,other,1,1,1,
0x0047f4a0,FUN_0047f4a0,10.04,convert,1,1,1,
0x005ec0a0,FUN_005ec0a0,10.04,,1,1,,
0x005ed330,FUN_005ed330,10.04,,1,1,,
0x0046c500,FUN_0046c500,10.02,convert,1,1,1,
0x00429ef0,FUN_00429ef0,9.88,thunk,1,1,1,
0x0042f100,FUN_0042f100,9.88,thunk,1,1,1,
0x003ec660,FUN_003ec660,9.74,,1,1,,
0x0058d7c0,FUN_0058d7c0,9.6,,1,1,,
0x00197870,FUN_00197870,9.52,convert,1,1,1,
0x0042cb00,FUN_0042cb00,9.18,other,1,1,1,
0x00432588,FUN_00432588,9.16,other,1,1,1,
0x00429de0,FUN_00429de0,8.96,other,1,1,1,
0x0042cd18,FUN_0042cd18,8.96,other,1,1,1,
0x0028b3f0,FUN_0028b3f0,8.92,memcmp,1,1,1,
0x0042c1c8,FUN_0042c1c8,8.84,other,1,1,1,
0x0042f638,FUN_0042f638,8.44,thunk,1,1,1,
0x0042f130,FUN_0042f130,8.24,struct_op,1,1,1,
0x00154d50,FUN_00154d50,7.96,convert,1,1,1,
0x0042ba78,FUN_0042ba78,7.96,thunk,1,1,1,
0x00161de0,FUN_00161de0,7.66,other,1,1,1,
0x00430748,FUN_00430748,7.6,other,1,1,1,
0x0042d3d0,FUN_0042d3d0,7.3,other,1,1,1,
0x00120750,FUN_00120750,7.28,other,1,1,1,
0x001207c0,FUN_001207c0,7.28,other,1,1,1,
0x00136110,FUN_00136110,7.28,other,1,1,1,
0x00423d80,FUN_00423d80,7.28,other,1,1,1,
0x00429820,FUN_00429820,7.28,other,1,1,1,
0x004298e0,FUN_004298e0,7.28,other,1,1,1,
0x00429940,FUN_00429940,7.28,other,1,1,1,
0x00429b08,FUN_00429b08,7.28,other,1,1,1,
0x00429b80,FUN_00429b80,7.28,other,1,1,1,
0x0042acd0,FUN_0042acd0,7.28,other,1,1,1,
0x0042bb70,FUN_0042bb70,7.28,other,1,1,1,
0x0042c1e8,FUN_0042c1e8,7.28,other,1,1,1,
0x0042c238,FUN_0042c238,7.28,other,1,1,1,
0x0042fb10,FUN_0042fb10,7.28,other,1,1,1,
0x00431488,FUN_00431488,7.28,other,1,1,1,
0x0040f030,FUN_0040f030,7.26,convert,1,1,1,
0x00530080,FUN_00530080,7.24,,1,1,,
0x0033a050,FUN_0033a050,7.2,other,1,1,1,
0x00428630,FUN_00428630,6.88,thunk,1,1,1,
0x00429f10,FUN_00429f10,6.88,thunk,1,1,1,
0x0042a7f8,FUN_0042a7f8,6.88,thunk,1,1,1,
0x0042acb0,FUN_0042acb0,6.88,thunk,1,1,1,
0x0042bd98,FUN_0042bd98,6.88,thunk,1,1,1,
0x0042d6b0,FUN_0042d6b0,6.88,thunk,1,1,1,
0x00433ec0,FUN_00433ec0,6.88,thunk,1,1,1,
0x0042bd70,FUN_0042bd70,6.68,thunk,1,1,1,
0x0016a110,FUN_0016a110,6.62,convert,1,1,1,
0x00540780,FUN_00540780,6.34,setter,1,1,1,
0x00404e80,FUN_00404e80,6.18,memcmp,1,1,1,
0x001238d0,FUN_001238d0,6.16,setter,1,1,1,
0x001ca130,FUN_001ca130,6.16,setter,1,1,1,
0x001ccb00,FUN_001ccb00,6.16,setter,1,1,1,
0x001dbea0,FUN_001dbea0,6.16,setter,1,1,1,
0x001df840,FUN_001df840,6.16,setter,1,1,1,
0x001dfdb0,FUN_001dfdb0,6.16,setter,1,1,1,
0x001e0050,FUN_001e0050,6.16,setter,1,1,1,
0x0042d770,FUN_0042d770,6.16,struct_op,1,1,1,
0x00430000,FUN_00430000,6.16,struct_op,1,1,1,
0x00431920,FUN_00431920,6.16,struct_op,1,1,1,
0x0042ae68,FUN_0042ae68,6.08,struct_op,1,1,1,
0x0042c280,FUN_0042c280,5.98,struct_op,1,1,1,
0x0042c848,FUN_0042c848,5.98,struct_op,1,1,1,
0x00134ec0,FUN_00134ec0,5.96,memcmp,1,1,1,
0x0031c990,FUN_0031c990,5.96,struct_op,1,1,1,
0x001963d0,FUN_001963d0,5.6,convert,1,1,1,
0x0010c820,FUN_0010c820,5.52,convert,1,1,1,
0x003f5b50,FUN_003f5b50,5.5,convert,1,1,1,
0x0015ba30,FUN_0015ba30,5.48,,1,1,,
0x001acde0,FUN_001acde0,5.48,setter,1,1,1,
0x001b82f0,FUN_001b82f0,5.48,setter,1,1,1,
0x001c3470,FUN_001c3470,5.48,setter,1,1,1,
0x001cad90,FUN_001cad90,5.48,setter,1,1,1,
0x001cf680,FUN_001cf680,5.48,setter,1,1,1,
0x001cf6f0,FUN_001cf6f0,5.48,convert,1,1,1,
0x0013e950,FUN_0013e950,5.26,predicate,1,1,1,
0x0043f5b8,FUN_0043f5b8,5.2,getter,1,1,1,
0x00108ee8,FUN_00108ee8,5.14,thunk,1,1,1,
0x002470e0,FUN_002470e0,4.92,struct_op,1,1,1,
0x003ee2e0,FUN_003ee2e0,4.92,struct_op,1,1,1,
0x003eea70,FUN_003eea70,4.92,struct_op,1,1,1,
0x001f4e00,FUN_001f4e00,4.88,struct_op,1,1,1,
0x002366c0,FUN_002366c0,4.88,struct_op,1,1,1,
0x003eddf0,FUN_003eddf0,4.88,struct_op,1,1,1,
0x003ef2b0,FUN_003ef2b0,4.88,struct_op,1,1,1,
0x003ef8c0,FUN_003ef8c0,4.88,struct_op,1,1,1,
0x003efc30,FUN_003efc30,4.88,struct_op,1,1,1,
0x003f00a0,FUN_003f00a0,4.88,struct_op,1,1,1,
0x003f0810,FUN_003f0810,4.88,struct_op,1,1,1,
0x003f0d60,FUN_003f0d60,4.88,struct_op,1,1,1,
0x003f1430,FUN_003f1430,4.88,struct_op,1,1,1,
0x0042bde0,FUN_0042bde0,4.88,struct_op,1,1,1,
0x0042f158,FUN_0042f158,4.88,struct_op,1,1,1,
0x0042fd98,FUN_0042fd98,4.88,struct_op,1,1,1,
0x0058ab30,FUN_0058ab30,4.88,struct_op,1,1,1,
0x003bff30,FUN_003bff30,4.86,struct_op,1,1,1,
0x0040b3e0,FUN_0040b3e0,4.86,struct_op,1,1,1,
0x0042cfe0,FUN_0042cfe0,4.86,struct_op,1,1,1,
0x0042f750,FUN_0042f750,4.86,struct_op,1,1,1,
0x0044fcb0,FUN_0044fcb0,4.86,struct_op,1,1,1,
0x00551a70,FUN_00551a70,4.44,memcmp,1,1,1,
0x004285f0,FUN_004285f0,4.3,struct_op,1,1,1,
0x0042ce18,FUN_0042ce18,4.3,struct_op,1,1,1,
0x0043cb00,FUN_0043cb00,4.06,struct_op,1,1,1,
0x0042bdb8,FUN_0042bdb8,3.88,thunk,1,1,1,
0x00432e90,FUN_00432e90,3.88,thunk,1,1,1,
0x0016b030,FUN_0016b030,3.86,convert,1,1,1,
0x00530050,FUN_00530050,3.62,,1,1,,
0x0019a560,FUN_0019a560,3.44,convert,1,1,1,
0x00115430,FUN_00115430,3.34,convert,1,1,1,
0x00195cd0,FUN_00195cd0,2.52,convert,1,1,1,
0x0053fd80,FUN_0053fd80,2.34,getter,1,1,1,1
0x0023e070,FUN_0023e070,2.22,convert,1,1,1,
0x00337690,FUN_00337690,2.14,thunk,1,1,1,
0x0018ddc0,FUN_0018ddc0,1.68,getter,1,1,1,
0x0040a820,FUN_0040a820,1.6,struct_op,1,1,1,
0x00115460,FUN_00115460,1.06,struct_op,1,1,1,
0x004450e0,FUN_004450e0,1.06,struct_op,1,1,1,
